CLIENTNUM,Customer_Age,Gender,Dependent_count,Education_Level,Marital_Status,Income_Category,Card_Category,Months_on_book,Total_Relationship_Count,Months_Inactive_12_mon,Contacts_Count_12_mon,Credit_Limit,Total_Revolving_Bal,Avg_Open_To_Buy,Total_Amt_Chng_Q4_Q1,Total_Trans_Amt,Total_Trans_Ct,Total_Ct_Chng_Q4_Q1,Avg_Utilization_Ratio
1,55,M,2,High School,Single,$80K - $120K,Blue,20,2,2,3,15699.362015194387,789,14910.362015194387,0.964987989832182,5668,64,1.9576412849423757,0.3296825803970004
2,31,F,3,Unknown,Single,$60K - $80K,Silver,30,3,0,1,11626.531978675735,1189,10437.531978675735,0.0,2857,44,0.0,0.15573904369816452
3,49,M,1,High School,Unknown,$40K - $60K,Blue,42,4,5,4,19581.63861735459,1482,18099.63861735459,0.6115217621509071,513,10,1.7608889757737045,0.12120895228818163
4,40,M,0,Post-Graduate,Married,Less than $40K,Blue,29,2,5,1,14005.487060131269,660,13345.487060131269,1.2675333754866567,1281,28,1.943051292057762,0.0
5,39,F,1,Unknown,Single,$120K +,Blue,20,5,2,1,11479.85305210996,0,11479.85305210996,1.9336514128257047,1635,26,0.07168066837145604,0.023804041067836984
6,40,F,3,Uneducated,Married,$60K - $80K,Blue,31,3,3,3,19362.43722710888,161,19201.43722710888,3.25907692873266,2498,29,1.3215848188185686,0.0
7,39,F,0,High School,Married,$120K +,Blue,43,4,1,2,23049.555487021014,472,22577.555487021014,0.0,2014,57,0.16228768198259708,0.4123588353776039
8,51,M,4,Uneducated,Married,$80K - $120K,Blue,51,4,4,2,7932.9475420066165,466,7466.9475420066165,0.4422862928574446,3078,53,0.5613456924101553,0.09071109768402819
9,41,F,3,High School,Divorced,$80K - $120K,Blue,40,4,0,3,1438.3,680,758.3,1.1817878805706385,3939,52,0.0,0.02188369889566799
10,41,M,5,High School,Married,$40K - $60K,Blue,33,1,3,6,3844.326322070241,1194,2650.326322070241,0.20947434801463377,2958,37,1.4942679854174854,0.26076608792882916
11,50,F,0,Uneducated,Unknown,$80K - $120K,Blue,33,3,3,5,13095.396271560625,1514,11581.396271560625,0.9592263866185551,3015,45,0.0,0.4479924544757272
12,52,M,1,High School,Married,Less than $40K,Blue,44,5,2,6,1438.3,2081,3.0,1.4209152589180891,8438,98,0.0,0.0
13,58,M,0,Doctorate,Divorced,Less than $40K,Blue,26,4,5,1,13822.661910151604,128,13694.661910151604,0.31631955368471043,4556,53,0.902279160202517,0.2831493138815798
14,47,M,2,Unknown,Married,$40K - $60K,Silver,33,4,5,3,5056.701936061401,492,4564.701936061401,0.0,3263,60,0.5007796841531106,0.0
15,49,M,4,Uneducated,Single,$40K - $60K,Blue,33,3,2,2,11727.22113636497,2517,9210.22113636497,1.1013713234245923,6750,83,0.28346960902736473,0.0
16,52,M,1,College,Married,Less than $40K,Blue,41,4,5,6,1438.3,937,501.29999999999995,0.46759265293366725,1487,35,0.25191238927577353,0.5841425683574204
17,32,F,4,Unknown,Married,Less than $40K,Blue,39,4,3,0,9328.905444887587,2517,6811.905444887587,0.8836817090947634,4105,54,0.1526248542077161,0.7083262388281633
18,49,F,0,College,Single,Unknown,Blue,19,2,0,1,1438.3,443,995.3,1.3394020988785835,1977,40,2.2832610618718276,0.0
19,55,F,4,Graduate,Married,Less than $40K,Blue,32,4,0,5,5198.650279876313,0,5198.650279876313,0.7731565698997165,3726,50,0.3779014323792438,0.0
20,51,M,3,Post-Graduate,Married,Less than $40K,Blue,47,4,1,3,1438.3,730,708.3,0.03719002056497822,3682,43,0.16990641655293753,0.2811078175684774
21,60,M,4,High School,Married,Less than $40K,Blue,35,2,6,5,16782.518629495382,952,15830.518629495382,0.0,7728,94,2.3810646889841354,0.0
22,44,F,1,Graduate,Married,Less than $40K,Blue,28,4,2,2,8126.19082416846,714,7412.19082416846,0.7650963281052959,952,21,0.7861107884228402,0.0
23,56,M,4,College,Single,Less than $40K,Blue,35,3,6,3,22067.05439734924,305,21762.05439734924,1.586704875184692,6123,88,0.3111431999134026,0.11691225887351395
24,45,M,2,Graduate,Single,$120K +,Blue,44,5,0,1,1438.3,1265,173.29999999999995,1.361261640881736,2639,34,0.2597781833813259,0.0
25,53,F,3,Post-Graduate,Married,$60K - $80K,Blue,30,4,4,3,20244.962737719354,290,19954.962737719354,0.25961263266027995,8772,115,0.47790087502460044,0.0
26,46,F,3,Uneducated,Single,Unknown,Blue,27,3,4,3,2402.3897872371354,394,2008.3897872371354,1.1484120426708047,3562,43,2.963172141134663,0.0
27,51,M,0,Graduate,Single,Less than $40K,Blue,53,4,5,3,1438.3,1548,3.0,1.9988388662704317,3385,56,0.0,0.38438169368622815
28,56,F,0,High School,Married,Less than $40K,Blue,40,3,1,5,2353.061715206115,2517,3.0,0.5127838632063006,2992,54,0.0,0.5239037612468637
29,54,M,3,High School,Unknown,$40K - $60K,Blue,48,1,3,3,1438.3,0,1438.3,0.4058617855123841,6325,75,0.27019260689995184,0.10830551000515279
30,36,M,3,Graduate,Married,Less than $40K,Blue,37,1,3,3,26790.216171580814,1121,25669.216171580814,2.1224850442178633,510,10,1.2553291220817462,0.19782359927313703
31,45,F,2,College,Divorced,Less than $40K,Blue,32,2,6,3,22118.42527913346,699,21419.42527913346,0.0,618,10,0.4530982270095913,0.47956573169893735
32,52,F,5,Unknown,Married,$60K - $80K,Blue,26,3,5,3,16916.069249697182,91,16825.069249697182,1.1013358990310598,2007,44,1.105299111873637,0.0
33,43,F,1,College,Married,Less than $40K,Blue,42,2,0,4,1438.3,1496,3.0,1.068796537332268,557,16,0.0,0.0
34,37,M,5,High School,Divorced,$80K - $120K,Blue,22,6,0,2,5150.754168092121,1586,3564.7541680921213,0.0,2318,40,0.0,0.0
35,44,F,1,Uneducated,Married,$40K - $60K,Blue,37,6,6,2,5904.14122686013,664,5240.14122686013,0.0,2728,34,0.0,0.29684330358576455
36,42,M,4,College,Divorced,$40K - $60K,Blue,48,3,1,5,1438.3,1432,6.2999999999999545,2.333450685485847,6656,102,2.4790382475752493,0.36594305225688945
37,51,F,2,Graduate,Married,Less than $40K,Blue,18,6,5,0,1438.3,2084,3.0,0.7402704652499401,8746,113,0.0,0.0
38,58,F,4,Graduate,Divorced,$60K - $80K,Blue,31,4,2,0,1438.3,1229,209.29999999999995,0.0,2401,35,1.9922842462760024,0.0
39,35,M,3,Unknown,Unknown,$60K - $80K,Blue,52,4,5,3,6614.09135602525,2124,4490.09135602525,0.5427676457662114,3300,52,0.20899498828236152,0.3460701514593755
40,45,F,4,Graduate,Unknown,Unknown,Blue,31,2,3,4,12596.757038843603,30,12566.757038843603,0.5248736963315416,6140,85,2.012546392465172,0.0
41,32,F,4,High School,Unknown,$60K - $80K,Blue,45,2,3,4,6082.582821197296,657,5425.582821197296,1.9066689829785963,2892,73,0.41727710262731776,0.8024799707100418
42,49,M,0,High School,Unknown,$80K - $120K,Blue,42,3,4,6,25562.606538836168,0,25562.606538836168,0.0,1711,31,0.42121994881319147,0.5409745796511296
43,36,F,0,Unknown,Married,Less than $40K,Blue,36,6,4,6,6357.901318297092,0,6357.901318297092,0.27396255602785247,3829,80,0.4013922412706308,0.03472389509815499
44,59,F,1,Uneducated,Divorced,Less than $40K,Blue,13,4,1,2,13487.301027593116,90,13397.301027593116,0.646726205344747,2498,33,0.0,0.01516863452670722
45,36,F,1,High School,Married,$120K +,Blue,36,3,2,3,3247.1662204287404,0,3247.1662204287404,0.16527602479115866,5653,97,1.0010442995101014,0.34931603444388126
46,46,F,1,College,Married,$80K - $120K,Blue,22,6,4,1,20637.371000417676,0,20637.371000417676,0.0,1107,23,0.23086839647225865,0.3737449725428733
47,51,M,4,High School,Single,Less than $40K,Blue,41,2,2,6,1438.3,236,1202.3,2.172788228891277,6281,103,0.4010032661877643,0.04002743752970826
48,48,M,1,College,Single,$40K - $60K,Blue,56,1,0,0,6318.061911174262,0,6318.061911174262,0.28268672196878697,2218,41,0.3899263999897806,0.04141307846571078
49,40,F,2,College,Married,$40K - $60K,Blue,48,1,2,5,1438.3,593,845.3,1.4341804323711982,3353,50,2.0505093207690304,0.38250467790394715
50,47,F,2,Graduate,Unknown,Less than $40K,Blue,42,2,0,3,1438.3,0,1438.3,0.60773269697739,1927,23,0.18618625413310996,0.0831969206964317
51,44,F,3,Uneducated,Married,Less than $40K,Blue,37,3,1,0,13448.287823779017,2009,11439.287823779017,0.8534461150136246,2986,59,1.433347725230838,0.0
52,41,F,3,Unknown,Single,$40K - $60K,Blue,29,5,4,5,1438.3,296,1142.3,0.9057844926465091,7127,89,0.5265367483067136,0.8360226590857724
53,44,M,1,Graduate,Married,$60K - $80K,Blue,52,1,3,4,1841.266674887068,0,1841.266674887068,0.9319981392719588,2741,66,0.0,0.0
54,30,M,3,Graduate,Single,Less than $40K,Blue,21,3,6,0,15911.534775899803,1281,14630.534775899803,0.2433640368364402,1546,28,0.0,0.34256307076055853
55,46,M,2,Graduate,Married,$80K - $120K,Blue,23,2,0,3,1650.6355066727183,541,1109.6355066727183,0.0,3371,57,0.7636954667720488,0.543609881093013
56,26,M,5,Unknown,Married,$80K - $120K,Blue,25,6,2,3,14471.446476321595,1611,12860.446476321595,0.0,1170,27,0.10183657100792598,0.3898940166321144
57,36,F,1,Unknown,Unknown,$40K - $60K,Blue,36,6,5,5,1438.3,1919,3.0,0.44906582709624443,5898,76,1.2050489504016202,0.0
58,53,M,2,Graduate,Married,Less than $40K,Blue,45,2,5,3,1438.3,0,1438.3,2.2643216059606823,3240,37,1.1710182989831113,0.27044905058759694
59,43,M,0,Doctorate,Married,Less than $40K,Blue,43,5,4,2,3169.6712908142335,622,2547.6712908142335,0.0,6190,88,0.0,0.0
60,47,M,4,Unknown,Married,$40K - $60K,Silver,45,3,0,0,1438.3,857,581.3,0.840748695743849,999,17,0.0,0.4501656206285258
61,46,F,0,Unknown,Married,Less than $40K,Blue,38,5,3,4,9819.19308137838,1884,7935.19308137838,0.8096902051374664,4958,93,0.28403380988847887,0.3667406153486332
62,42,F,3,High School,Married,$60K - $80K,Blue,44,3,4,6,2099.960502857575,86,2013.9605028575752,0.0,4744,69,2.085584083213796,0.21532221353240094
63,36,F,2,Unknown,Unknown,Less than $40K,Blue,30,4,0,2,20780.386705588317,1298,19482.386705588317,0.0,2683,34,0.9166814292602805,0.009298786061470637
64,56,F,1,Uneducated,Single,$40K - $60K,Blue,33,3,3,4,9348.460902996962,686,8662.460902996962,1.0123519565115506,2195,56,0.0,0.0
65,37,F,2,High School,Single,Less than $40K,Blue,32,1,2,0,1438.3,378,1060.3,0.41076859649221964,3147,41,3.016164887253011,0.0
66,43,M,4,Uneducated,Married,$40K - $60K,Blue,39,4,1,3,3402.9657697463927,1797,1605.9657697463927,0.7341374252267706,8992,130,0.0,0.8761708953080296
67,55,F,5,Graduate,Married,Unknown,Blue,31,6,2,0,13701.38101362396,429,13272.38101362396,0.0,6644,98,2.1378579408395355,0.487671879810804
68,42,M,2,Unknown,Married,$40K - $60K,Blue,56,5,4,3,9460.006347416605,0,9460.006347416605,1.12261821325238,1840,27,0.288730582201199,0.03714526353763735
69,26,F,5,Uneducated,Single,Less than $40K,Blue,48,3,3,3,10204.86972427636,116,10088.86972427636,1.584146170057748,3319,42,0.0,0.08648938182250668
70,54,M,2,College,Single,$40K - $60K,Blue,42,3,4,5,1438.3,383,1055.3,0.3213247204085098,8481,114,2.3764909278933573,0.0
71,30,M,1,High School,Single,$120K +,Blue,45,4,2,1,12403.551022335276,2517,9886.551022335276,0.16562040897509933,8200,91,0.046102360611992466,0.0
72,52,F,3,Graduate,Single,$60K - $80K,Blue,41,4,2,5,6877.9507254561695,1469,5408.9507254561695,0.6727861102891883,3479,48,0.0,0.2681825814411202
73,52,M,1,Uneducated,Unknown,Less than $40K,Blue,32,3,2,3,8000.550766215719,489,7511.550766215719,0.15148630246330375,3855,61,0.0,0.0
74,53,M,1,Graduate,Married,$40K - $60K,Blue,45,3,4,1,11150.767319735694,1293,9857.767319735694,0.0,6055,89,1.5260882986904625,0.2740378117619193
75,36,M,3,High School,Married,Less than $40K,Blue,37,5,3,4,1438.3,0,1438.3,0.3571984657765261,6163,112,0.18361290115119938,0.0
76,49,M,3,Uneducated,Married,$80K - $120K,Blue,35,2,0,1,31034.087173249536,778,30256.087173249536,1.241708121145456,4277,57,0.0,0.0
77,61,M,1,Graduate,Divorced,Less than $40K,Blue,50,2,1,0,12928.321175514353,2101,10827.321175514353,1.7722983272020032,4946,45,0.0,0.016721052972448636
78,42,M,0,High School,Single,$60K - $80K,Blue,36,4,3,1,13667.34064721813,818,12849.34064721813,0.0,3829,53,0.44369363520678423,0.1633337898822354
79,53,M,5,Post-Graduate,Married,$120K +,Blue,37,1,4,5,2723.227005460547,0,2723.227005460547,0.3846024700986435,4576,67,0.48619119780548165,0.0
80,42,M,4,Graduate,Married,Less than $40K,Blue,13,6,4,6,23944.062006987835,452,23492.062006987835,2.909201699529988,4202,53,0.0,0.2798385852599963
81,55,F,1,Unknown,Single,$120K +,Blue,39,3,1,5,1438.3,1187,251.29999999999995,0.6707912463828289,1831,36,0.02771403893780411,0.299026416750497
82,35,F,3,High School,Divorced,Less than $40K,Blue,50,5,0,3,5785.3354700190075,1355,4430.3354700190075,1.2554518544044955,2114,30,0.0,0.0
83,35,F,2,High School,Single,Less than $40K,Blue,36,1,3,0,23479.185190859353,1074,22405.185190859353,1.4481386389284951,3532,53,0.0,0.48515895717931484
84,51,M,1,Uneducated,Unknown,Unknown,Blue,27,6,3,0,13511.491903584392,1347,12164.491903584392,0.8825042168195711,594,10,0.0,0.07242870849960194
85,38,F,0,Unknown,Divorced,$60K - $80K,Blue,35,1,0,4,1438.3,1243,195.29999999999995,0.4880653535095235,2076,23,0.0,0.18363580754453795
86,34,F,2,Graduate,Divorced,$120K +,Blue,37,3,4,4,5821.627827424743,255,5566.627827424743,0.9752113003443428,7603,94,0.5371555343492582,0.17800533877554753
87,51,M,5,Post-Graduate,Single,$40K - $60K,Blue,34,1,3,0,12681.5986374067,1095,11586.5986374067,0.6035508627758799,3637,48,0.0,0.12168305348560257
88,42,M,5,Graduate,Married,Unknown,Blue,33,3,0,2,1438.3,0,1438.3,0.8659399431504842,3495,51,1.0497349046174715,0.5243910575050269
89,45,F,1,Doctorate,Single,Less than $40K,Blue,56,4,0,2,11554.66251333823,270,11284.66251333823,1.3878311453628114,959,13,1.740269007470732,0.0
90,35,F,5,Unknown,Single,Less than $40K,Blue,27,4,6,3,1438.3,0,1438.3,1.1954307822872616,4073,69,0.0,0.25828883889278254
91,47,F,4,Uneducated,Divorced,Unknown,Blue,35,5,4,2,7307.796460870419,2517,4790.796460870419,0.0,7119,102,1.0481794769338553,0.32536765106481536
92,45,F,1,Unknown,Married,$40K - $60K,Blue,48,3,2,6,9069.004521546733,183,8886.004521546733,0.363363822050926,5003,61,0.529412393947931,0.28092455787306614
93,47,F,0,Unknown,Single,$40K - $60K,Blue,28,3,2,0,8491.684225349713,316,8175.6842253497125,1.438852247053713,1944,28,1.6235658763955576,0.5178443937557337
94,42,M,4,Graduate,Single,$120K +,Blue,51,3,0,2,1438.3,1873,3.0,0.0,2525,41,0.7422351001295362,0.394104202248042
95,61,M,1,High School,Married,$60K - $80K,Blue,53,1,6,0,4689.638257256318,129,4560.638257256318,3.007066864967494,4072,57,0.870211141603582,0.06404157806232082
96,44,F,1,College,Single,Less than $40K,Blue,39,5,2,1,3738.7804366627915,1325,2413.7804366627915,0.6610433029774192,3643,77,0.5326135361421098,0.46795746316296905
97,30,F,0,Graduate,Unknown,$40K - $60K,Blue,56,3,0,3,18278.31747105599,603,17675.31747105599,1.4567271138834923,5546,60,0.5155263918871194,0.06813943258631526
98,31,M,2,High School,Married,Less than $40K,Blue,36,4,2,3,11134.043527274589,256,10878.043527274589,0.0,2209,25,1.1032087012241285,0.7215116774821918
99,40,M,2,Graduate,Single,$120K +,Blue,56,4,5,3,18930.74639787853,2196,16734.74639787853,0.07962728920566498,4413,64,0.09669440191477296,0.31351955028563505
100,35,M,4,High School,Single,Less than $40K,Blue,44,4,1,5,3720.7435435241678,492,3228.7435435241678,0.19733796827582933,2034,52,0.21232882531530173,0.13012380197625778
101,40,F,3,Graduate,Single,$80K - $120K,Blue,30,3,3,3,5679.276261068409,0,5679.276261068409,1.9949208205879145,4721,53,1.9604754057216744,0.0
102,56,M,1,High School,Unknown,Unknown,Blue,28,1,4,2,13243.001577936893,0,13243.001577936893,0.0,4653,65,1.7476048816374092,0.1728020264282985
103,50,F,2,Graduate,Single,Less than $40K,Blue,17,1,0,2,17474.202560961123,0,17474.202560961123,0.0,6282,81,1.8397209341579859,0.09863692091745413
104,46,F,3,Graduate,Unknown,$80K - $120K,Blue,42,2,2,0,8197.591069900676,16,8181.591069900676,0.6554173146762057,2359,57,2.0876353526936007,0.32752468170478666
105,32,F,3,High School,Single,$120K +,Blue,32,1,4,4,11380.606541688461,287,11093.606541688461,0.28801507251866965,1263,22,0.0,0.2615357483114906
106,54,F,2,High School,Married,$120K +,Blue,34,5,4,1,11152.125860976825,358,10794.125860976825,0.0,1116,20,0.0,0.06201062328671675
107,52,M,2,Graduate,Single,$40K - $60K,Blue,38,1,1,1,13308.304925513265,0,13308.304925513265,0.0,5363,65,0.0,0.48492584610997086
108,60,M,1,High School,Married,$80K - $120K,Blue,45,2,4,0,9956.455511546372,2055,7901.455511546372,1.2478544541827388,787,15,0.8145123703278021,0.0
109,45,M,3,Graduate,Single,$60K - $80K,Blue,39,3,5,3,11624.114857866849,1576,10048.114857866849,0.374683058479016,6022,66,2.0725329736197406,0.0
110,43,M,3,Uneducated,Married,$40K - $60K,Blue,42,2,1,2,1438.3,16,1422.3,0.7532119906227871,3414,53,0.0,0.2684899213137023
111,44,M,1,High School,Single,Less than $40K,Blue,31,2,0,4,1438.3,978,460.29999999999995,1.3310708810184466,6212,67,1.8936350802001845,0.3427838995692303
112,55,F,2,Unknown,Unknown,$40K - $60K,Blue,40,6,5,0,13900.166505633504,574,13326.166505633504,1.2867317227754755,3476,52,0.0,0.6299205439113751
113,53,F,1,Uneducated,Unknown,Less than $40K,Blue,45,5,0,4,1438.3,2450,3.0,0.0,8628,104,0.03280265611240707,0.6140713743144129
114,41,M,3,College,Married,Less than $40K,Silver,40,3,4,2,7406.300722878388,0,7406.300722878388,1.7640599589768728,6219,62,0.8770983293381145,0.5545854659193812
115,32,F,3,Post-Graduate,Married,$80K - $120K,Blue,25,6,3,0,32918.6509687239,2517,30401.6509687239,0.33844365499095935,3278,54,2.6620317040149155,0.4228069595212384
116,49,M,4,Uneducated,Single,Less than $40K,Blue,37,3,6,3,4216.379208453415,1238,2978.3792084534152,0.40063638281567654,5206,60,0.0,0.2937506382835683
117,37,F,0,Uneducated,Divorced,$60K - $80K,Blue,50,3,1,4,1577.9909238744422,1102,475.99092387444216,0.560937697387344,4508,63,0.4081846233212032,0.999
118,30,M,2,Unknown,Single,$40K - $60K,Blue,29,4,3,5,1438.3,0,1438.3,0.0,3074,62,0.7321484356653285,0.07842770244524454
119,55,F,3,High School,Married,Less than $40K,Blue,45,5,2,1,1438.3,728,710.3,1.5901200423768242,2916,49,0.0016374627404551756,0.999
120,34,F,1,High School,Single,Less than $40K,Blue,22,4,4,4,1438.3,1728,3.0,1.9361013616762028,5156,77,0.22649387434966417,0.7939099249121132
121,50,M,1,High School,Married,$80K - $120K,Blue,30,2,6,3,10202.521778035767,1821,8381.521778035767,0.06502977701162416,3600,56,1.467961702039295,0.1523199695859703
122,50,M,1,Unknown,Divorced,$80K - $120K,Blue,25,4,5,3,12454.515896279989,741,11713.515896279989,1.1608329562983286,1818,21,0.0,0.06720016650676942
123,40,M,4,High School,Married,Less than $40K,Blue,39,2,0,6,10460.732646075276,852,9608.732646075276,2.0973821034753715,3203,47,0.7374037489128158,0.32341004056972755
124,37,M,4,Doctorate,Married,Less than $40K,Blue,36,3,3,2,1438.3,1291,147.29999999999995,0.0,1042,19,1.861704999839632,0.0
125,53,F,4,Graduate,Divorced,Less than $40K,Blue,24,3,0,5,18723.5711546209,263,18460.5711546209,0.0,4110,54,0.6421009147723521,0.7108045339428245
126,52,F,3,Uneducated,Unknown,$60K - $80K,Blue,26,4,4,4,20909.326369806717,0,20909.326369806717,1.4346677510457084,3772,58,0.6286174191997523,0.0
127,46,M,4,Graduate,Married,Unknown,Blue,45,2,6,4,8477.780066220655,0,8477.780066220655,1.8264232197510073,7388,81,0.06049604647507012,0.31302786079522615
128,45,F,1,High School,Single,Unknown,Blue,36,5,5,3,16908.25431045663,1042,15866.254310456628,2.4302500391519706,2188,41,0.9966360182936795,0.4658576134803206
129,57,F,4,Uneducated,Married,Unknown,Blue,36,3,0,4,5326.58035614383,774,4552.58035614383,2.958160924703587,6247,82,0.0,0.0
130,47,M,2,College,Single,Less than $40K,Blue,27,3,4,3,24220.24187856917,1444,22776.24187856917,0.67747069391395,5650,59,0.7577600054832205,0.5340488080053457
131,53,M,2,Unknown,Married,Less than $40K,Blue,28,4,0,2,5936.96038367363,1436,4500.96038367363,1.2214686120226106,1527,32,1.6849858901778307,0.7163290311111485
132,34,M,2,Doctorate,Married,Less than $40K,Blue,30,5,6,5,1438.3,0,1438.3,1.63760775492579,5578,66,0.0,0.12842706947946853
133,52,M,1,Graduate,Single,Less than $40K,Blue,36,3,0,3,17712.854393487592,1087,16625.854393487592,0.06279477700466696,2023,43,1.157351334152374,0.3472634378892919
134,42,F,1,Graduate,Married,Less than $40K,Blue,50,5,3,1,16074.34026780467,273,15801.34026780467,1.979917354854753,5870,79,0.0,0.0
135,36,M,5,Graduate,Divorced,$60K - $80K,Blue,42,4,5,0,3224.7790492043687,1432,1792.7790492043687,0.0,510,11,0.0,0.3191312848909884
136,44,M,0,Uneducated,Married,Less than $40K,Blue,43,5,3,4,9181.76051205701,2517,6664.76051205701,0.0,2375,71,0.0,0.8563934405581759
137,48,M,1,Graduate,Married,Less than $40K,Blue,30,3,6,0,1438.3,2517,3.0,1.1510222959376954,708,15,0.0,0.7833774006652661
138,31,F,4,Doctorate,Married,Less than $40K,Blue,50,4,4,6,4629.626093484789,0,4629.626093484789,1.0064145064530876,3220,92,0.0,0.0
139,46,M,4,High School,Single,Less than $40K,Blue,39,4,2,0,20045.053814926687,598,19447.053814926687,0.14695910823572733,4950,63,0.8242791995543606,0.0
140,58,F,2,Unknown,Single,$120K +,Blue,29,4,3,3,21316.121722218588,949,20367.121722218588,0.2068272161922588,973,16,0.0,0.8065202511468048
141,58,F,3,College,Unknown,Unknown,Blue,56,3,1,5,1438.3,0,1438.3,0.7128131095400823,4082,53,0.1565013962877298,0.5334808585255804
142,42,F,1,High School,Single,$80K - $120K,Blue,56,5,1,6,3209.103699428504,1447,1762.1036994285041,2.0960383827045987,1120,14,0.2356481651360372,0.0
143,42,F,1,Post-Graduate,Unknown,$60K - $80K,Blue,33,1,6,6,3424.355000814732,848,2576.355000814732,1.7208477761856502,4560,54,2.0332614966354687,0.0
144,61,M,3,Unknown,Single,Less than $40K,Blue,31,4,4,0,21058.54493867069,0,21058.54493867069,0.0994373416999792,1864,41,0.0,0.2983314901366727
145,41,F,4,Graduate,Married,$80K - $120K,Blue,35,4,4,4,1438.3,0,1438.3,0.632565897470264,630,10,0.0,0.07211867428006635
146,34,M,0,Unknown,Single,Less than $40K,Blue,36,3,3,3,9596.941760235084,1752,7844.941760235084,0.606210945798701,3510,51,0.18558659012172168,0.41538182577191257
147,51,F,2,Graduate,Single,Less than $40K,Blue,40,3,3,3,11171.399605191888,0,11171.399605191888,0.0,3924,56,0.0,0.6401414345518657
148,46,F,2,Graduate,Single,Unknown,Silver,33,5,4,1,2643.609182997274,0,2643.609182997274,0.7843831384480491,8658,100,0.0,0.6641769895548322
149,44,F,1,High School,Single,$60K - $80K,Blue,47,6,4,5,2304.8786465448757,724,1580.8786465448757,0.9775631582964399,3259,58,0.04832367881902255,0.0
150,47,F,5,College,Single,Unknown,Blue,23,3,5,4,1438.3,0,1438.3,1.2405968363474313,5260,67,0.036176435386755745,0.5108675724451184
151,43,F,0,High School,Single,$80K - $120K,Blue,39,3,4,3,5492.861062800509,0,5492.861062800509,0.7008343320017142,2613,35,0.0,0.09614373309775456
152,47,M,1,Unknown,Single,Less than $40K,Blue,37,3,3,1,4548.676764141042,418,4130.676764141042,0.0,608,10,0.0,0.2935001681419931
153,55,M,4,Unknown,Divorced,$60K - $80K,Blue,31,5,0,4,5556.773251040489,0,5556.773251040489,0.6713263146221508,3667,49,0.0,0.16079323713794452
154,35,M,1,Post-Graduate,Married,Unknown,Blue,50,2,5,5,14313.529561000018,413,13900.529561000018,2.0601928179055102,2097,24,0.732608425589381,0.05413632643290697
155,38,M,1,Unknown,Single,Less than $40K,Blue,33,4,4,0,1983.4907814373619,646,1337.4907814373619,0.0,1441,26,0.4107202940525291,0.2568378475823806
156,37,F,3,Unknown,Married,$60K - $80K,Blue,39,5,3,3,12978.20515287567,865,12113.20515287567,0.0,4839,74,0.0,0.0
157,49,F,4,Graduate,Divorced,$120K +,Blue,27,3,0,4,26959.070725712587,719,26240.070725712587,0.0,2207,37,1.6111192666671164,0.1676847990844618
158,47,F,3,Graduate,Married,Less than $40K,Blue,29,6,3,3,19871.10567159081,875,18996.10567159081,2.295760825684103,635,10,1.0672700600540321,0.6803183824592097
159,40,F,5,College,Married,$120K +,Blue,38,6,2,3,11358.619614619829,1098,10260.619614619829,0.0,2658,32,0.7427429772117222,0.006274526075354059
160,51,M,3,High School,Unknown,Less than $40K,Blue,31,4,2,4,12275.853662730198,530,11745.853662730198,1.4672506482640926,3150,45,1.1112652725052485,0.02354839024537342
161,55,F,2,Graduate,Single,Unknown,Blue,42,3,6,5,1438.3,2163,3.0,0.018192206354918583,5972,78,1.0327087570182671,0.0
162,61,M,1,Uneducated,Single,Less than $40K,Blue,34,3,1,5,1438.3,1367,71.29999999999995,0.9483612568917813,2941,39,0.6984442921158518,0.06372948055099498
163,54,F,1,Graduate,Single,Less than $40K,Blue,38,2,1,6,12478.602205447476,1552,10926.602205447476,0.9741618227848609,5214,73,0.0,0.21737769622204242
164,51,M,1,High School,Single,Less than $40K,Blue,39,5,3,0,11589.581213864843,884,10705.581213864843,0.0,2582,58,1.155035063548818,0.17270041285614401
165,35,M,1,Graduate,Married,$60K - $80K,Blue,32,5,6,4,34516.0,0,34516.0,0.0,2956,47,1.3175216675856116,0.5530787568102202
166,42,M,2,Graduate,Married,Unknown,Blue,27,1,4,3,21674.118211681653,759,20915.118211681653,0.0,4257,54,0.0,0.20976052356581548
167,42,M,2,Uneducated,Married,$80K - $120K,Blue,33,2,3,3,1438.3,416,1022.3,2.192184478668519,3062,47,2.9012478561144848,0.0
168,29,F,3,Graduate,Married,Less than $40K,Blue,42,3,0,6,6366.339176261088,2517,3849.339176261088,0.5335095114120436,1200,48,0.0,0.44718943216462537
169,47,F,3,Graduate,Single,$60K - $80K,Blue,23,1,0,4,7436.326981545892,2259,5177.326981545892,2.036581065824602,2943,43,0.5630584712022852,0.7203600268406098
170,42,F,4,High School,Single,$60K - $80K,Blue,45,5,2,2,12631.72780814228,2517,10114.72780814228,0.0,5923,90,0.2399593896151806,0.999
171,53,M,4,Graduate,Married,$80K - $120K,Silver,45,2,3,5,3725.639409106755,1478,2247.639409106755,0.17626952025605047,5080,72,0.09779234397018055,0.27449766755792293
172,59,F,4,Uneducated,Unknown,Unknown,Blue,38,5,3,3,21486.244918643526,2517,18969.244918643526,0.0,3663,61,0.4105025877472019,0.32773484129253433
173,57,F,4,College,Single,$80K - $120K,Blue,39,5,4,2,9347.267098255175,367,8980.267098255175,0.0,6794,100,1.347205531758863,0.19567121323917458
174,38,F,1,Uneducated,Married,Less than $40K,Silver,31,4,1,3,5130.285275514052,810,4320.285275514052,0.693755815241955,1158,16,0.0,0.659318932398565
175,45,F,3,High School,Divorced,Less than $40K,Blue,37,3,6,2,14996.304437581515,219,14777.304437581515,0.1825652410976497,3702,58,1.3527628894844246,0.0
176,51,F,2,Uneducated,Married,$40K - $60K,Silver,20,4,4,5,6766.006419449103,0,6766.006419449103,0.0,4503,66,0.0,0.0
177,42,M,3,Graduate,Married,Less than $40K,Blue,35,4,2,2,3117.553380421017,0,3117.553380421017,0.9486912990735507,4616,74,0.6463243029783381,0.1751649499959178
178,32,M,2,Graduate,Unknown,Less than $40K,Blue,40,2,2,2,1438.3,328,1110.3,3.124039075533985,1800,27,0.5983590563546091,0.5604935173301389
179,46,M,1,Graduate,Single,$80K - $120K,Blue,25,3,2,3,24317.26021088835,851,23466.26021088835,0.0,2696,55,0.8811874824014518,0.4802082038352393
180,61,F,1,High School,Married,$120K +,Blue,39,2,1,4,26175.55053967751,1128,25047.55053967751,0.26157871384774983,2161,59,0.0,0.3372734456694733
181,45,M,3,Graduate,Married,$60K - $80K,Blue,42,4,2,0,1438.3,1874,3.0,0.5842037741895351,563,10,0.21168718753086674,0.45643568594242306
182,34,M,5,High School,Married,$80K - $120K,Blue,31,3,1,1,7158.971015559221,1585,5573.971015559221,0.0,7235,122,1.1496478787095392,0.0
183,48,F,4,Unknown,Single,Less than $40K,Blue,44,3,5,6,1438.3,784,654.3,0.6519006904853091,780,10,3.6125480266974237,0.0
184,52,F,4,Graduate,Single,Less than $40K,Blue,28,3,1,1,1438.3,541,897.3,0.16309925778597245,1834,29,0.731828128159372,0.529175613019423
185,46,F,2,Unknown,Single,Less than $40K,Blue,39,2,5,4,15204.24545607757,1595,13609.24545607757,0.0,6164,81,0.10173855572497392,0.4998585801142722
186,58,M,3,Graduate,Married,$60K - $80K,Blue,41,4,2,3,6668.8972773484,1260,5408.8972773484,0.0,3167,64,0.937612176258472,0.45895892867019333
187,44,M,1,Unknown,Married,$40K - $60K,Blue,25,4,2,1,1438.3,0,1438.3,0.0,3918,63,0.0,0.6300014125880897
188,41,F,0,Uneducated,Single,$40K - $60K,Blue,31,2,4,5,13111.497559003894,0,13111.497559003894,1.303764597292325,5660,90,1.5166795876518282,0.22336533047130402
189,57,F,1,Post-Graduate,Married,Less than $40K,Blue,26,5,2,4,3452.702849541224,825,2627.702849541224,0.3282133789036986,7338,95,0.668208784540979,0.31866803471424876
190,54,F,0,Unknown,Single,Less than $40K,Blue,40,4,1,2,4350.266414943311,954,3396.2664149433112,0.0,2648,53,0.6848123825931266,0.15896671233145943
191,55,F,0,Graduate,Married,Unknown,Blue,26,4,6,2,6976.84566987964,1784,5192.84566987964,1.4624563669910207,2532,44,0.1258482804838374,0.36793639822301144
192,42,M,1,Uneducated,Single,$40K - $60K,Blue,37,4,0,5,4589.866599494334,0,4589.866599494334,0.9839268370475506,3552,56,0.0,0.0
193,27,F,0,Unknown,Married,$40K - $60K,Blue,35,3,0,1,20001.701316994768,397,19604.701316994768,1.56250048029573,1669,24,0.46086871057791723,0.6705118654606427
194,50,F,2,Graduate,Married,$40K - $60K,Blue,38,4,5,4,18140.71427409487,552,17588.71427409487,1.029049341246977,4929,73,0.2715350594151306,0.4039732067572308
195,42,M,1,Uneducated,Married,$60K - $80K,Silver,16,4,2,2,6605.004255023399,1113,5492.004255023399,0.7519649955451352,3915,62,3.4049141708351933,0.0
196,48,M,1,Graduate,Married,$80K - $120K,Blue,45,3,3,2,1438.3,0,1438.3,0.4852507478392803,1997,41,0.12040448567321382,0.046786389503877285
197,36,F,3,Unknown,Single,$60K - $80K,Blue,42,2,1,2,3200.3752822077895,1392,1808.3752822077895,1.5797663436722897,1782,26,0.0,0.42044067516719735
198,38,M,2,Unknown,Married,$40K - $60K,Blue,34,2,2,5,1438.3,765,673.3,0.5463416724593437,2842,67,0.959422696079374,0.0
199,47,F,1,Graduate,Married,Less than $40K,Blue,33,3,1,1,14893.744891313572,0,14893.744891313572,0.9479192417582465,4566,56,0.0,0.0
200,32,F,3,Unknown,Unknown,$80K - $120K,Blue,24,4,0,2,3773.2865662481536,1021,2752.2865662481536,0.06952692278992156,3240,40,0.7339231068385001,0.0
201,46,M,1,Post-Graduate,Married,Less than $40K,Blue,54,1,4,6,1438.3,1815,3.0,0.0,2711,37,0.8530031845171193,0.23983898236918577
202,55,F,0,Graduate,Single,Less than $40K,Blue,52,5,0,3,18014.189854719465,846,17168.189854719465,0.0,1956,55,1.400033212335407,0.46972742505753057
203,27,F,1,College,Single,Less than $40K,Blue,47,4,4,2,2703.809014765113,1214,1489.8090147651128,0.2838184478588787,4869,72,0.0,0.2597506820686711
204,64,M,1,High School,Married,$60K - $80K,Blue,32,6,3,2,3253.910873996303,245,3008.910873996303,0.19154943104235556,1802,31,2.0879650039802886,0.0
205,45,F,0,Unknown,Unknown,Less than $40K,Blue,26,4,2,2,11079.091803921081,2517,8562.091803921081,1.0542137777036584,1699,30,2.941581834436242,0.04028821765480968
206,49,F,5,Graduate,Married,$120K +,Blue,35,3,0,1,1438.3,1189,249.29999999999995,1.5996804592330212,11730,139,0.0,0.0
207,51,F,2,High School,Divorced,Less than $40K,Blue,40,2,1,0,17184.297289709884,805,16379.297289709884,0.0,2298,33,0.0,0.2982793631149221
208,52,M,1,Uneducated,Married,Unknown,Blue,48,4,2,1,7652.523170747281,1341,6311.523170747281,0.0,3779,53,0.0,0.32743621751938057
209,40,M,2,Doctorate,Married,$120K +,Blue,36,2,4,4,22246.012816776238,1522,20724.012816776238,0.21509682986312367,4300,65,0.7834298292751256,0.46314669814770276
210,50,F,5,Graduate,Married,$80K - $120K,Blue,47,3,5,1,8355.400779369515,0,8355.400779369515,0.9988999082131103,5580,79,1.9297260377618581,0.5019842323765564
211,51,F,0,High School,Single,Unknown,Blue,38,4,5,0,15860.22089561796,1903,13957.22089561796,0.9335586179465081,1527,31,2.032119364672334,0.1560595926413861
212,48,M,2,Graduate,Single,Unknown,Blue,36,3,1,0,5940.065916174075,0,5940.065916174075,2.7166791567954682,510,10,0.6334148501282864,0.4496825458229558
213,49,M,3,Unknown,Married,Less than $40K,Blue,36,1,3,5,6533.03260011008,0,6533.03260011008,0.0,510,10,0.5113490538742811,0.0
214,43,M,0,Uneducated,Single,$40K - $60K,Blue,42,4,0,3,1438.3,1049,389.29999999999995,1.2680770198821956,1256,18,0.0,0.0
215,39,M,0,Unknown,Married,$80K - $120K,Blue,30,4,3,2,1438.3,488,950.3,1.2862954741531665,3992,58,0.0,0.020292184198003604
216,50,M,0,Unknown,Unknown,Unknown,Blue,24,4,4,0,17364.763989732015,2517,14847.763989732015,0.4978459666213816,1838,26,2.133735620484936,0.1288432719407585
217,46,F,2,Graduate,Married,$80K - $120K,Blue,31,5,2,4,11445.327114702362,759,10686.327114702362,1.5130362541549265,7566,74,1.235691993164635,0.8573478936991438
218,33,M,1,Unknown,Single,Less than $40K,Blue,40,5,5,2,5417.652713974865,2408,3009.652713974865,0.9190606176623086,5264,87,0.0,0.0
219,47,M,2,High School,Married,$40K - $60K,Blue,43,5,0,4,1438.3,0,1438.3,1.2675248238594186,2196,29,0.3196942955663112,0.14725002127980386
220,41,M,4,Uneducated,Single,$80K - $120K,Blue,25,3,2,4,4174.646948080156,1227,2947.646948080156,0.5232305919006572,510,10,0.0,0.11004738487449273
221,52,F,3,College,Married,$40K - $60K,Blue,18,4,0,0,10461.482896641528,42,10419.482896641528,0.9637622407428411,4119,63,0.0,0.6240476719105833
222,60,M,4,Graduate,Married,Less than $40K,Blue,34,3,2,1,4653.546725381144,2341,2312.546725381144,2.161808072991181,4677,56,0.0,0.0
223,55,M,0,High School,Married,$60K - $80K,Blue,27,6,0,4,6301.99142699261,227,6074.99142699261,0.6112640184077752,5153,60,0.0,0.015897766500875737
224,54,M,1,College,Married,Less than $40K,Blue,28,2,1,6,4615.236151172352,0,4615.236151172352,0.24584169878918616,898,22,0.2359890769472392,0.0
225,56,F,1,Unknown,Single,Less than $40K,Blue,40,2,0,2,14567.651989812806,0,14567.651989812806,0.0,1928,34,1.8524078715669143,0.0
226,39,M,3,Uneducated,Single,$40K - $60K,Blue,35,4,4,0,10452.997907255167,524,9928.997907255167,1.1403132462117611,6596,86,0.5642043336389525,0.0
227,48,F,1,Uneducated,Married,Less than $40K,Blue,31,3,0,3,7133.908327433209,1667,5466.908327433209,0.29095708706167556,4707,78,0.9181659901757826,0.35316396365523595
228,36,M,1,High School,Unknown,Less than $40K,Blue,23,3,4,3,14700.08224282255,1543,13157.08224282255,0.0,1001,16,2.0531545326994176,0.9928904231810786
229,58,M,2,Uneducated,Single,$60K - $80K,Blue,35,3,1,2,3114.731246539819,429,2685.731246539819,1.6119124441775543,3929,88,0.7506553758502283,0.4102619428718198
230,33,F,2,Graduate,Single,$80K - $120K,Blue,45,6,2,2,14912.892040783543,1284,13628.892040783543,0.06605444688550133,3448,44,0.0,0.0
231,40,M,1,Uneducated,Married,Unknown,Blue,26,5,4,3,10594.17806681038,769,9825.17806681038,0.5289787054969005,3135,48,0.0,0.3201657851721116
232,41,F,4,College,Unknown,$40K - $60K,Blue,38,3,4,3,1438.3,781,657.3,0.06385069592559345,3951,60,0.0,0.11943958274681288
233,49,F,4,Graduate,Single,Less than $40K,Blue,33,5,5,1,8693.822476458761,599,8094.822476458761,1.3581680341271132,1367,24,0.050284037902548206,0.0
234,58,F,2,Graduate,Single,$60K - $80K,Blue,33,4,2,4,23357.137385871458,228,23129.137385871458,0.0,4542,63,0.6571271977159504,0.0
235,66,M,2,Unknown,Married,$120K +,Blue,40,5,2,6,16056.830730943002,325,15731.830730943002,0.0,5553,83,0.0,0.0
236,54,M,1,College,Single,$40K - $60K,Blue,40,3,2,2,11304.817963776568,2257,9047.817963776568,1.3907383347036282,5548,78,0.0,0.3373924392140178
237,45,F,2,Unknown,Single,$40K - $60K,Blue,45,6,2,0,14614.555708926775,1527,13087.555708926775,1.3170316957810428,5449,62,0.0,0.0
238,38,M,1,College,Single,$40K - $60K,Silver,46,4,2,0,12666.551707689501,1298,11368.551707689501,0.0,5562,71,0.8806112469605631,0.18648759750428973
239,44,F,0,Unknown,Divorced,$80K - $120K,Blue,42,5,6,3,21000.82741886132,803,20197.82741886132,1.4183340601880379,5455,66,1.6892547667865654,0.6602524117989489
240,40,F,3,Graduate,Single,Less than $40K,Blue,48,4,0,1,4717.214488657535,696,4021.214488657535,2.216607539637857,601,10,0.0,0.4703975459664863
241,48,M,2,College,Single,Less than $40K,Blue,48,5,0,5,6108.114350534094,1299,4809.114350534094,0.2938072900794021,2895,38,1.0337334747824198,0.999
242,32,F,2,High School,Single,Unknown,Blue,48,2,2,3,1438.3,2517,3.0,0.0,7421,80,1.4148091550618709,0.16548208467525435
243,48,F,1,Unknown,Single,$120K +,Silver,47,3,4,3,23675.418473015176,958,22717.418473015176,0.4711025333204657,5002,79,0.4424209807239171,0.1844697342726888
244,41,M,3,Uneducated,Married,$40K - $60K,Blue,26,4,4,0,1438.3,0,1438.3,2.3016728332609615,2725,39,0.0,0.3481855847491252
245,60,M,1,Graduate,Single,$80K - $120K,Blue,26,3,4,5,13747.920038277858,0,13747.920038277858,0.6277922778754378,2762,26,0.43344373468336006,0.6214991729268828
246,38,F,0,Graduate,Married,$40K - $60K,Blue,34,4,1,1,23821.65728126053,450,23371.65728126053,0.60174844784179,3143,48,0.0,0.3872515564160035
247,50,M,3,High School,Married,$40K - $60K,Blue,32,5,6,0,3422.0696870162137,758,2664.0696870162137,0.867883383438363,4828,58,0.0,0.0
248,46,M,3,Unknown,Unknown,Less than $40K,Blue,35,6,0,3,6376.620275004649,1075,5301.620275004649,0.0,6017,77,2.8076600861697276,0.0
249,40,F,1,Graduate,Single,$40K - $60K,Silver,32,2,2,3,22517.81090295247,2506,20011.81090295247,1.0203498010064942,5327,73,2.0714569396873013,0.18009283438416818
250,46,M,2,Uneducated,Married,Unknown,Blue,44,5,3,2,8654.638005954179,2517,6137.638005954179,1.5071173180783768,5882,72,1.6198833353632662,0.5617253506872613
251,38,M,2,Unknown,Married,Less than $40K,Blue,34,6,0,5,4785.69132033236,718,4067.69132033236,0.0,5511,55,1.613837736856822,0.0
252,39,F,4,College,Single,Less than $40K,Blue,48,3,0,5,1438.3,473,965.3,0.0,5634,78,3.141220710786967,0.23808752802679312
253,34,F,4,High School,Single,$120K +,Blue,38,2,4,3,6777.029900655882,168,6609.029900655882,0.4957315201062946,686,10,0.0,0.5031011056345853
254,53,F,1,Graduate,Married,$60K - $80K,Blue,34,3,3,1,23762.724448010253,1359,22403.724448010253,1.064138513612372,7773,96,1.4276948623875605,0.999
255,50,F,3,Unknown,Married,Less than $40K,Blue,44,6,3,1,16066.375404986728,1913,14153.375404986728,0.0,2322,34,1.5016663315154548,0.07904585883379737
256,38,F,3,Graduate,Unknown,$120K +,Blue,25,2,4,3,8182.553751133536,1441,6741.553751133536,2.3863491927594422,2973,49,0.0,0.5164600528596722
257,51,F,2,High School,Single,$60K - $80K,Blue,37,2,1,6,1438.3,1727,3.0,0.658592487718688,1969,29,1.786299280001241,0.07391149572527107
258,42,M,3,Graduate,Married,$80K - $120K,Blue,41,2,1,4,1438.3,0,1438.3,1.7540476887515206,2838,36,1.9657475280009042,0.0
259,54,M,5,Graduate,Married,$60K - $80K,Blue,28,6,6,2,2234.139829594097,1108,1126.1398295940971,0.7726103165520275,754,14,0.8660695977712338,0.15166997769624035
260,51,F,3,High School,Married,Less than $40K,Blue,34,3,4,3,13534.86936040486,478,13056.86936040486,2.25375048396817,3922,67,0.0,0.0
261,54,F,2,Graduate,Single,Unknown,Blue,28,2,1,3,10422.583739592914,390,10032.583739592914,0.4659104341652764,4183,54,1.500168422413975,0.24281946400975962
262,54,M,2,Graduate,Married,Less than $40K,Blue,34,4,1,2,14643.94585084588,97,14546.94585084588,0.807894457689377,1432,23,0.7376441091732742,0.0
263,37,F,1,Graduate,Single,Less than $40K,Blue,47,2,3,1,16111.183278327202,2362,13749.183278327202,0.46091757992368376,3822,50,0.8592570241737549,0.38606043496817743
264,45,F,2,Uneducated,Married,$40K - $60K,Blue,31,2,0,1,10681.964265590235,2301,8380.964265590235,1.2481035947276085,2342,35,0.0,0.21215421650431474
265,43,F,0,Graduate,Divorced,$80K - $120K,Blue,36,3,2,0,5235.731298806255,819,4416.731298806255,0.0,5593,76,0.0,0.0
266,32,M,3,Graduate,Married,$60K - $80K,Blue,21,3,0,2,5742.107279545027,617,5125.107279545027,1.862851299167931,2621,37,0.0,0.2972188195140889
267,43,F,5,High School,Married,$40K - $60K,Blue,35,4,4,4,11389.83521775437,811,10578.83521775437,0.0,3874,87,0.7106008733210145,0.4594157851267015
268,29,M,1,High School,Single,$40K - $60K,Silver,34,6,4,0,12288.503783239783,787,11501.503783239783,0.0,2265,48,1.6646381499665517,0.0
269,58,F,1,Uneducated,Married,Less than $40K,Blue,40,6,3,6,7937.462000371757,1058,6879.462000371757,0.0,2797,58,1.3417516313515456,0.16449191164123134
270,26,M,1,College,Single,Less than $40K,Blue,35,3,5,3,16318.2128553949,852,15466.2128553949,0.20579181164357585,3099,45,0.12822389561601522,0.5498551641900329
271,51,F,1,Uneducated,Single,$40K - $60K,Blue,38,3,5,0,13015.826384165262,566,12449.826384165262,0.0,3735,66,0.0,0.0
272,51,M,2,Uneducated,Single,Less than $40K,Blue,30,5,5,5,1438.3,150,1288.3,1.4082418591758015,3648,58,0.32535608393770066,0.12114271916897609
273,56,F,2,College,Married,$60K - $80K,Blue,51,2,3,3,31462.842461733868,1680,29782.842461733868,0.3323015104526584,5234,68,0.0,0.0
274,46,F,3,High School,Married,Less than $40K,Blue,46,3,1,4,2096.062216559266,0,2096.062216559266,0.9757077738008701,5934,65,1.0081985147709518,0.14522502504822624
275,56,M,3,Graduate,Single,$120K +,Silver,38,3,1,4,18993.47787387112,0,18993.47787387112,0.3310466910537579,601,10,1.1107053734521717,0.0
276,38,M,3,High School,Unknown,$80K - $120K,Blue,13,4,0,0,7168.058298462701,185,6983.058298462701,1.6628468565911516,525,10,1.3386069553114073,0.19824713368822522
277,37,F,0,High School,Single,Less than $40K,Blue,46,3,3,3,5825.138013417356,867,4958.138013417356,1.1143237280397593,3216,61,0.0,0.0
278,47,M,1,Graduate,Married,$80K - $120K,Blue,45,3,0,3,14830.020067715632,0,14830.020067715632,1.8428392417888921,5646,71,0.0,0.1176692221593964
279,48,M,5,Graduate,Single,$80K - $120K,Blue,56,3,1,1,10135.08166845586,1968,8167.0816684558595,0.0,2400,32,0.34352977607400076,0.0
280,43,M,1,High School,Married,$60K - $80K,Blue,41,3,1,6,1438.3,0,1438.3,0.5002747414638553,3451,56,0.08508794434544042,0.3716390512197333
281,38,M,0,College,Married,Less than $40K,Blue,36,1,1,6,24120.294441505663,0,24120.294441505663,0.14293658677189214,4789,70,0.0,0.41566765797933
282,46,M,2,Graduate,Divorced,$40K - $60K,Blue,42,3,3,3,9294.909352095554,0,9294.909352095554,0.42976384236393034,3231,58,2.2515585916788634,0.40111504967379275
283,55,F,2,Graduate,Unknown,Unknown,Blue,48,4,5,4,16253.768981911808,689,15564.768981911808,0.6244353374213956,4989,76,1.2626299247032922,0.0
284,56,F,4,Graduate,Single,$60K - $80K,Gold,43,3,4,2,1438.3,0,1438.3,0.3703850480825276,772,10,1.0647463861473794,0.03326115844804001
285,53,M,0,Unknown,Married,Unknown,Blue,28,4,2,3,11295.12899812743,1075,10220.12899812743,0.014434437186726434,5805,78,0.2971535541094248,0.6240198730394383
286,35,M,0,Unknown,Single,Less than $40K,Blue,28,3,4,5,7959.528628712464,417,7542.528628712464,0.05085043628839192,4914,63,2.821787013589901,0.46077795518454695
287,40,F,1,College,Single,$80K - $120K,Blue,24,4,2,4,5389.966430630065,0,5389.966430630065,0.38030947087553807,6133,80,0.5965172880652373,0.06648183446148151
288,55,M,3,Unknown,Single,$60K - $80K,Blue,47,5,0,0,19061.79687519688,1293,17768.79687519688,2.7365324349884568,2074,45,0.0,0.22643804458952047
289,47,M,5,Unknown,Divorced,Less than $40K,Blue,43,2,1,4,1438.3,541,897.3,1.755341172797894,2674,55,1.3517298929953936,0.1251520587073002
290,32,F,4,High School,Married,$40K - $60K,Blue,35,6,3,2,16370.248287136894,1503,14867.248287136894,0.7883655300329381,3819,82,2.024922568064113,0.0
291,38,M,1,High School,Married,$60K - $80K,Blue,30,6,4,0,20616.405384362086,665,19951.405384362086,1.2606370454190556,4968,86,0.3731231562999817,0.2284033159725526
292,45,M,2,Uneducated,Single,$80K - $120K,Blue,45,4,1,2,1438.3,107,1331.3,0.2890384629134087,5296,54,1.8652428002793986,0.0158115618445277
293,62,F,0,Graduate,Unknown,$80K - $120K,Blue,42,3,2,1,1438.3,1827,3.0,0.41494619102668917,4363,64,0.0,0.4143777471221953
294,46,F,3,Unknown,Single,$80K - $120K,Blue,38,4,5,3,3922.273712820159,0,3922.273712820159,0.04427974856610584,4758,69,0.19834947572951,0.028646367483250668
295,46,F,3,Uneducated,Unknown,$80K - $120K,Blue,28,2,3,4,8379.569224432256,2517,5862.569224432256,1.197790544038349,5480,64,2.2071292813837373,0.2520892786833355
296,52,M,0,Unknown,Married,Less than $40K,Blue,32,5,4,5,1438.3,0,1438.3,1.3205959604106514,3171,57,0.0,0.0
297,46,M,4,Graduate,Married,Less than $40K,Blue,48,5,4,0,10813.477979395879,755,10058.477979395879,0.0,2483,39,1.1960006612040661,0.0
298,31,M,0,Uneducated,Married,$60K - $80K,Blue,30,5,5,1,13812.547770443332,2161,11651.547770443332,0.0,945,16,0.48459459841306457,0.610385459357675
299,47,M,0,Uneducated,Married,Less than $40K,Blue,27,4,3,1,1438.3,477,961.3,2.2910414820386134,510,10,1.1523978565067883,0.3271839703949626
300,53,F,5,Unknown,Married,$40K - $60K,Blue,52,4,1,1,1438.3,0,1438.3,1.9131793387965057,781,13,0.409132520312827,0.018527069075115532
301,39,F,4,Uneducated,Single,$60K - $80K,Blue,34,2,4,2,8462.881126556098,319,8143.881126556098,0.0,3231,75,1.2332205369796672,0.0
302,43,F,1,Graduate,Single,$80K - $120K,Blue,44,3,5,5,9889.491271985538,0,9889.491271985538,0.9240177668812652,3186,37,1.7942760322797915,0.17462625322210992
303,60,F,2,High School,Married,$80K - $120K,Silver,45,5,0,3,7076.656064656644,535,6541.656064656644,0.5149429725782497,3328,60,0.0,0.6422696532033809
304,51,M,2,High School,Married,Less than $40K,Blue,31,5,2,5,18981.943625962205,179,18802.943625962205,0.7202681752775207,2164,27,0.9488821612029708,0.0
305,49,M,3,High School,Married,$80K - $120K,Blue,31,1,0,3,4425.027992282931,1069,3356.0279922829313,1.0629370290501559,1806,40,0.0,0.09897593282187295
306,40,M,5,Graduate,Married,Less than $40K,Blue,31,2,6,6,5430.097535883861,0,5430.097535883861,2.099828943491999,2011,45,2.6342876730056504,0.41344558404419696
307,45,F,1,High School,Single,$40K - $60K,Blue,27,5,1,0,1438.3,1180,258.29999999999995,1.2934206250202793,3163,48,0.0,0.712812510525382
308,26,M,0,Post-Graduate,Single,Less than $40K,Silver,45,3,4,5,12500.850726874582,2069,10431.850726874582,0.0,3119,48,0.4437650995494963,0.0
309,50,F,3,Uneducated,Married,$40K - $60K,Blue,43,4,0,4,4318.570499710621,0,4318.570499710621,0.0,5988,85,0.0,0.1711401281509167
310,57,F,0,College,Single,$40K - $60K,Blue,36,2,2,2,15861.324098449082,763,15098.324098449082,1.7182878599692715,1509,21,0.0,0.0
311,47,M,2,Uneducated,Married,Less than $40K,Blue,40,5,0,2,11165.566531029675,0,11165.566531029675,1.6468837308646318,2834,51,0.0,0.5563511555901586
312,40,F,3,Graduate,Married,Less than $40K,Blue,33,3,1,5,1438.3,552,886.3,1.0476262944041455,3129,56,0.1562793515187223,0.0
313,33,M,3,Graduate,Married,$40K - $60K,Blue,44,3,2,3,2770.0962081226326,931,1839.0962081226326,0.26611321879231775,1440,26,0.9866308434868682,0.0
314,41,M,3,Graduate,Married,$40K - $60K,Blue,37,4,6,4,11932.91078266846,2100,9832.91078266846,0.855632173899399,902,10,0.497886007078779,0.2973909824604152
315,45,F,2,Graduate,Single,$40K - $60K,Blue,42,2,3,2,18253.2789206971,1720,16533.2789206971,0.5101391150662857,2118,46,0.0,0.0
316,41,F,0,Graduate,Married,$40K - $60K,Blue,21,1,1,4,11739.11701810584,0,11739.11701810584,0.31582221756325646,5044,62,0.5377676668316351,0.33064904444784365
317,37,M,3,Graduate,Single,Less than $40K,Blue,28,4,3,5,3032.250825342825,0,3032.250825342825,1.5477324002044268,869,10,1.3496300885875485,0.11451650099421853
318,31,M,0,Doctorate,Married,Less than $40K,Blue,44,6,3,0,15087.299440058148,864,14223.299440058148,0.9822510568124726,2251,38,0.4813030054091365,0.0
319,33,M,4,Graduate,Married,Less than $40K,Blue,29,1,4,0,19739.72432746837,954,18785.72432746837,1.0837717110700373,875,10,1.1029100750567946,0.0
320,57,F,0,Graduate,Divorced,Less than $40K,Blue,39,2,6,5,12254.854686173792,0,12254.854686173792,1.0930898706116587,3639,48,1.4273246242830058,0.0
321,30,M,2,Post-Graduate,Married,$80K - $120K,Blue,37,2,3,0,18914.949979342724,0,18914.949979342724,1.775237857765565,1581,32,0.0,0.508801113692049
322,58,F,1,Graduate,Divorced,Less than $40K,Silver,45,2,6,6,2973.0674242161185,2043,930.0674242161185,1.4925377246972897,2994,49,1.5770573592842523,0.06931329342919089
323,59,M,0,Post-Graduate,Married,Less than $40K,Blue,24,6,6,5,16345.81489494559,1749,14596.81489494559,0.16795673200209815,5496,73,1.8780835369053133,0.1398772091816511
324,53,M,0,High School,Married,$120K +,Silver,36,4,2,0,20463.674825082817,1334,19129.674825082817,1.7142942561745345,4450,61,0.3765382932087995,0.6322126164350742
325,57,M,3,Uneducated,Single,Less than $40K,Blue,49,2,4,0,4238.813582932764,1496,2742.813582932764,2.2266992027768993,5687,65,0.0,0.5247736434736948
326,55,M,1,College,Married,Less than $40K,Blue,51,5,2,5,1438.3,485,953.3,1.747675404121876,1158,15,1.5621419170667583,0.5891927371102567
327,57,M,1,Graduate,Single,Unknown,Blue,30,4,2,3,19407.10668148414,0,19407.10668148414,0.2545786263628032,5791,106,0.0,0.0
328,50,M,3,Graduate,Married,Less than $40K,Blue,41,6,2,6,8124.82983883081,1915,6209.82983883081,0.9386277909608389,2699,45,1.3694878492141345,0.0
329,50,F,1,Graduate,Married,$40K - $60K,Blue,19,4,4,6,13900.868158618192,1904,11996.868158618192,0.8978157124889978,4824,72,0.0,0.16018852393119706
330,40,M,0,Uneducated,Married,$80K - $120K,Silver,28,6,0,1,1438.3,0,1438.3,0.29642915553252214,1272,26,1.549294909811362,0.7413636444307553
331,54,M,2,Unknown,Married,$60K - $80K,Blue,43,5,0,5,10132.230123197061,437,9695.230123197061,2.818308885103008,6081,69,2.613306901657956,0.5553242346622327
332,52,F,1,Graduate,Single,Less than $40K,Blue,34,4,4,1,6215.263631922762,1488,4727.263631922762,0.0,900,36,0.05255214649425011,0.05220786311313813
333,49,F,2,Unknown,Married,$80K - $120K,Blue,31,4,4,1,9389.991354033247,399,8990.991354033247,1.1112659707013175,6319,80,2.7455095309826394,0.020096306061110486
334,36,M,4,High School,Divorced,$80K - $120K,Blue,32,3,0,3,2099.3334944108346,0,2099.3334944108346,0.0,3956,55,0.0,0.17168468108654056
335,47,F,3,Graduate,Single,$40K - $60K,Blue,36,2,4,2,13629.552422562021,1682,11947.552422562021,0.8533520661399051,5887,57,1.1357129182851124,0.3440497631644829
336,43,M,3,Graduate,Married,$40K - $60K,Blue,41,1,6,2,20254.297874784766,24,20230.297874784766,0.1081269844054481,1661,19,0.3669137864657356,0.22499384957594312
337,57,F,5,Graduate,Married,Less than $40K,Blue,39,4,1,1,19915.46322110344,0,19915.46322110344,0.30461592939255183,1761,25,0.0,0.8036725064860331
338,43,M,3,Graduate,Single,Unknown,Blue,35,4,5,5,8943.135144993927,1072,7871.135144993927,0.0,8477,121,1.092175274525399,0.4136168272247238
339,53,M,0,Graduate,Married,$120K +,Blue,33,3,2,1,9861.381833456937,549,9312.381833456937,0.457064666463049,1562,28,0.267912809114957,0.24758821407032783
340,36,M,0,Unknown,Married,$60K - $80K,Blue,43,4,2,3,18729.006140122387,1270,17459.006140122387,0.0,2346,41,1.4150167322523957,0.0
341,36,M,2,Post-Graduate,Married,Less than $40K,Blue,48,5,1,2,9062.270059846864,0,9062.270059846864,0.8482439444421546,7569,85,0.0,0.9025976679754274
342,47,M,3,High School,Single,$40K - $60K,Blue,23,3,3,6,1438.3,1404,34.299999999999955,0.013592351004341197,3971,83,2.086986308350622,0.0
343,42,M,1,Graduate,Single,$60K - $80K,Blue,41,5,2,6,2968.5127501254838,736,2232.5127501254838,0.09516203997555894,5325,78,2.1717118011213308,0.09258486473814562
344,47,F,2,Uneducated,Single,$120K +,Blue,40,2,5,1,5934.26093449496,0,5934.26093449496,0.0,8596,120,2.105082122134384,0.5101654031737265
345,61,M,0,High School,Unknown,$40K - $60K,Blue,26,2,3,4,12793.861934730554,1425,11368.861934730554,1.1031535994645756,8111,130,0.0,0.40364457264587267
346,47,F,4,High School,Single,$60K - $80K,Blue,42,2,5,6,1438.3,0,1438.3,0.0,3616,66,0.0,0.0
347,37,F,4,Uneducated,Single,Less than $40K,Blue,44,5,5,5,6427.281424076813,456,5971.281424076813,0.35766293254140835,1774,33,1.9184086819466897,0.5783753246304415
348,36,F,4,High School,Single,Less than $40K,Blue,41,6,1,6,1438.3,2053,3.0,0.0,9488,118,0.0,0.18690423662867933
349,43,F,3,Uneducated,Married,Less than $40K,Blue,45,3,4,3,10423.924600109482,1112,9311.924600109482,1.326265584297843,3848,52,0.021125248952632236,0.2624388609120737
350,36,F,3,High School,Divorced,$80K - $120K,Blue,37,2,3,0,3692.8928692891113,0,3692.8928692891113,0.1734934569046518,2224,57,0.0,0.0
351,37,F,4,Unknown,Married,$40K - $60K,Blue,46,3,3,2,10526.148089362687,0,10526.148089362687,0.41508048402170117,3428,66,2.974471706282139,0.06509737571785507
352,52,F,4,High School,Unknown,$40K - $60K,Blue,29,3,6,4,12533.7242621323,11,12522.7242621323,1.6587936519265196,1279,19,0.0,0.0
353,47,M,1,Post-Graduate,Married,$40K - $60K,Blue,40,3,3,0,1438.3,414,1024.3,0.0,2940,47,0.7238941396846558,0.06462053866548473
354,58,F,0,Uneducated,Married,$40K - $60K,Blue,33,2,0,1,2911.365025087761,1452,1459.3650250877608,1.8354536875896585,7741,99,1.3024300681613337,0.0
355,37,F,1,Uneducated,Married,Less than $40K,Blue,28,3,0,5,18459.95494422252,189,18270.95494422252,2.040104719169123,987,19,1.3706642172217705,0.6420676051174616
356,54,F,0,Unknown,Married,$60K - $80K,Silver,34,1,6,2,9747.793024869916,0,9747.793024869916,0.9901678600232139,5062,82,0.0,0.0
357,48,F,5,Graduate,Married,$120K +,Blue,21,5,6,2,5303.642171460991,0,5303.642171460991,0.8614913269035044,3648,56,0.22641756654434164,0.7996387524313603
358,40,F,3,High School,Married,$40K - $60K,Silver,38,3,5,2,11131.698194417955,0,11131.698194417955,0.6103577362016741,2470,60,1.0493824492395138,0.06351399481531295
359,49,M,0,Uneducated,Single,Unknown,Blue,39,2,2,0,18106.61440926147,680,17426.61440926147,3.3592105214100965,4545,63,0.6294302200578002,0.19964613674663528
360,42,M,3,Graduate,Single,Unknown,Blue,32,4,4,2,14011.617268818096,2156,11855.617268818096,1.4198135212890872,2025,39,0.0,0.12468125031207751
361,58,M,2,Unknown,Single,Less than $40K,Blue,39,2,0,1,7727.544141277441,1168,6559.544141277441,0.3871394705237616,1703,32,2.1149137144203993,0.5591876866964053
362,46,M,3,Uneducated,Single,Less than $40K,Silver,27,1,1,0,25723.119417672086,0,25723.119417672086,0.0,2540,57,1.2113209136204333,0.19614393620076737
363,37,M,5,Uneducated,Married,$40K - $60K,Blue,34,5,3,2,6301.265213672203,1203,5098.265213672203,0.0,2358,37,0.6618941246839761,0.30423902141633885
364,47,M,2,Graduate,Unknown,Less than $40K,Blue,33,4,6,3,20432.052567444145,0,20432.052567444145,1.5110810739533687,2217,31,0.4971985020470068,0.39838480284417865
365,59,F,5,Post-Graduate,Married,Less than $40K,Blue,43,3,3,3,10009.194725020076,2019,7990.194725020076,0.1887757251631621,1827,27,0.0,0.0
366,26,M,3,Graduate,Single,Less than $40K,Blue,26,2,0,3,9471.429104197683,98,9373.429104197683,1.0525238150764902,2814,78,0.6980627559272738,0.0
367,50,M,3,Graduate,Married,Less than $40K,Blue,56,3,2,5,4074.0920238861654,755,3319.0920238861654,1.72827488805046,3136,49,0.23982100548699398,0.0
368,40,F,1,Uneducated,Married,$60K - $80K,Silver,56,4,6,2,12438.06021225707,0,12438.06021225707,0.0,4845,74,0.21095740242388017,0.14261932544050412
369,41,F,2,Graduate,Single,Less than $40K,Blue,33,4,3,0,2714.1268781291237,1590,1124.1268781291237,1.0125458049834628,2252,49,0.0,0.0
370,58,F,3,Unknown,Married,$40K - $60K,Silver,22,3,2,1,3255.716375586504,0,3255.716375586504,0.9443239259303117,602,10,1.2995419240176456,0.38987707868719124
371,42,F,4,Graduate,Single,$120K +,Blue,48,6,0,1,1438.3,764,674.3,1.1049799231355246,2082,35,0.10803715042319129,0.8414305351202085
372,44,F,5,Graduate,Married,$40K - $60K,Blue,30,4,1,1,23164.63775741766,2189,20975.63775741766,0.0,3924,50,0.025451978122997154,0.3885423944821778
373,41,F,0,High School,Married,$80K - $120K,Silver,21,6,3,6,1438.3,522,916.3,0.8271993270083001,5052,69,0.23227784846984784,0.0
374,48,M,3,Uneducated,Married,$40K - $60K,Blue,45,4,4,3,28528.63038747645,1370,27158.63038747645,0.0,2044,34,1.5123138043240933,0.27849935285073785
375,36,F,2,Unknown,Married,Unknown,Blue,43,5,5,6,5075.224872449946,424,4651.224872449946,0.5817420479646696,3250,57,0.7038113932102366,0.5711793357635031
376,52,M,3,Graduate,Married,$60K - $80K,Blue,43,4,4,5,16390.754635514488,0,16390.754635514488,0.0,790,12,0.3485199068411305,0.2572602338205882
377,30,M,1,Graduate,Married,Less than $40K,Blue,36,3,5,2,17475.65757412525,666,16809.65757412525,0.5544205624232053,729,10,2.051703165679544,0.25237671983298315
378,52,F,1,High School,Married,Less than $40K,Blue,52,2,1,5,17348.72067584753,0,17348.72067584753,1.9882811673626828,5071,58,0.8210371716291445,0.7179920648176763
379,41,M,4,Uneducated,Single,$40K - $60K,Blue,25,5,3,3,2592.0161702221694,171,2421.0161702221694,0.9638321142471391,2201,43,1.8590221068046908,0.03291816520612553
380,42,F,2,Graduate,Married,Less than $40K,Blue,38,4,2,3,4355.346401199551,0,4355.346401199551,0.0,803,10,0.5606072891509175,0.0
381,59,M,1,Post-Graduate,Unknown,Less than $40K,Blue,49,3,2,6,8596.349229687517,0,8596.349229687517,0.0,5194,78,1.0838293929163134,0.3185642631476425
382,35,M,4,Post-Graduate,Married,Less than $40K,Silver,29,4,3,4,29339.864041014916,1047,28292.864041014916,0.0,3370,50,0.5171562033248578,0.3506157540011299
383,58,M,1,College,Married,$40K - $60K,Blue,42,6,4,5,7231.896915596618,1003,6228.896915596618,0.0,7041,108,0.42800798480047264,0.44133344510606587
384,34,F,2,Graduate,Married,$40K - $60K,Blue,36,2,5,6,18025.053224610918,0,18025.053224610918,0.4497825186873255,5348,101,0.2534246023038286,0.3407421480553649
385,55,M,0,High School,Single,Unknown,Blue,37,4,2,5,6188.609629382437,153,6035.609629382437,1.3620597070269946,4143,69,2.52262728122819,0.0
386,44,F,2,Uneducated,Divorced,$60K - $80K,Blue,24,2,0,2,1438.3,159,1279.3,0.7408333516892338,4386,65,0.4020282501602054,0.02918017752690988
387,41,F,3,Graduate,Married,$120K +,Blue,20,1,1,0,3153.146266144994,0,3153.146266144994,0.2977944711480152,4404,46,2.3507171067498254,0.0
388,40,F,5,Uneducated,Divorced,$120K +,Blue,37,2,3,0,1438.3,1007,431.29999999999995,1.1012669303470108,622,10,1.3586623504923527,0.19405630773868746
389,49,M,2,Unknown,Married,Unknown,Blue,48,4,6,1,4527.2851743544825,765,3762.2851743544825,1.6211125831481532,5048,88,2.0268896058412067,0.4321597672259981
390,56,F,0,Post-Graduate,Unknown,$120K +,Silver,36,1,6,3,7243.015883742154,0,7243.015883742154,2.0323945881101713,6186,67,1.4480864980036294,0.0
391,45,F,2,Graduate,Married,$60K - $80K,Blue,19,4,1,1,5007.981746077625,164,4843.981746077625,0.0,4973,72,0.22079628960815256,0.21271145899223853
392,49,F,0,Post-Graduate,Single,$60K - $80K,Blue,24,1,2,0,18378.269197847407,2094,16284.269197847407,0.018357551505472358,1423,34,1.0163641645584565,0.39230350385807555
393,41,F,3,Post-Graduate,Married,Unknown,Blue,15,1,3,2,10822.856123864327,1861,8961.856123864327,0.0,573,10,2.4918063343072308,0.0
394,47,M,1,Graduate,Married,Less than $40K,Blue,17,5,2,1,17069.743124165507,0,17069.743124165507,0.0,5019,84,1.5785693502175007,0.32558767167486014
395,52,F,0,High School,Married,$80K - $120K,Blue,28,2,3,3,20737.267219682082,0,20737.267219682082,0.0,4372,75,0.0,0.05537849081418106
396,58,M,2,Unknown,Married,Less than $40K,Blue,28,3,3,0,10838.377906467504,654,10184.377906467504,0.15506992026772637,3440,43,1.5942325219633646,0.0
397,46,F,5,Uneducated,Married,Less than $40K,Blue,35,4,4,2,3318.417359576728,1488,1830.417359576728,1.1929074510222135,2440,35,0.44100936234515076,0.3893199426714693
398,59,F,4,Post-Graduate,Married,$120K +,Blue,32,2,3,1,4970.771005332552,0,4970.771005332552,0.0,3535,65,0.9445773309637222,0.30220808155588297
399,32,F,5,High School,Married,Less than $40K,Blue,43,4,1,5,3478.1442753786214,0,3478.1442753786214,1.643752416464233,833,16,1.1023366285146978,0.0
400,50,F,2,Graduate,Married,$60K - $80K,Blue,39,4,3,6,1438.3,435,1003.3,0.897215769664738,4205,90,0.0,0.5553484380962966
401,46,F,0,Doctorate,Married,Less than $40K,Blue,20,5,4,2,5600.620103401823,0,5600.620103401823,2.2031632431726793,6716,74,0.0,0.7690305010761432
402,33,F,3,Unknown,Married,$120K +,Blue,35,4,3,5,1438.3,0,1438.3,1.2215903494115172,874,10,2.6264476796723413,0.0
403,32,M,2,Unknown,Married,$60K - $80K,Blue,19,5,3,1,14533.297497715572,2408,12125.297497715572,0.0,2580,49,1.028516767394387,0.39130155096275276
404,42,F,1,College,Single,Unknown,Gold,31,1,4,3,28224.870808304335,364,27860.870808304335,1.1574813605960088,3730,76,0.0,0.09141004306248696
405,30,F,0,Graduate,Divorced,$60K - $80K,Blue,36,1,3,2,6336.077718697504,1078,5258.077718697504,0.6770649006138225,2709,62,0.0,0.3386609454527504
406,45,M,0,Graduate,Married,$60K - $80K,Blue,37,3,6,2,1438.3,0,1438.3,0.0,4688,56,1.9110738015016495,0.25569502043873626
407,57,F,0,College,Unknown,Unknown,Blue,34,5,1,4,1438.3,108,1330.3,0.601925937082704,3285,55,0.0,0.9096800220332452
408,40,M,2,Graduate,Married,Less than $40K,Blue,51,1,4,4,20922.339436661154,1412,19510.339436661154,1.3784228775452134,925,13,1.822870104036813,0.34813829512387107
409,48,F,2,Unknown,Single,Less than $40K,Blue,49,3,0,5,1438.3,972,466.29999999999995,1.8063987945039672,1402,25,0.14056615065017197,0.0
410,38,M,3,Graduate,Married,Less than $40K,Blue,36,1,3,3,15208.967063916478,940,14268.967063916478,0.0,4396,74,0.17074043206442846,0.5769825570419715
411,52,F,5,Graduate,Single,$40K - $60K,Blue,19,3,4,3,1896.7552873752275,0,1896.7552873752275,0.8499327504410618,3894,59,0.0,0.19946903275918387
412,32,F,1,High School,Single,Less than $40K,Blue,26,2,6,1,13232.23191263239,0,13232.23191263239,0.0,4776,61,0.9354718137532653,0.10566294802037027
413,54,F,3,Graduate,Married,$80K - $120K,Blue,33,4,2,2,1438.3,0,1438.3,0.8025120547468789,3224,30,0.9579347540809175,0.0
414,28,M,2,Graduate,Married,$80K - $120K,Blue,29,2,4,3,1438.3,984,454.29999999999995,0.34162136976612906,4845,87,0.3809544678270631,0.4079047142299185
415,30,F,3,High School,Single,$40K - $60K,Blue,40,4,6,1,25782.525822396266,2517,23265.525822396266,1.0534998292549724,6756,86,0.0,0.0
416,59,F,5,Graduate,Single,Unknown,Silver,40,2,1,2,1438.3,1054,384.29999999999995,0.0,3866,59,0.0,0.8275003135145866
417,42,M,0,High School,Married,Unknown,Blue,20,3,2,4,10808.929334188922,601,10207.929334188922,0.0,4124,61,0.0,0.0
418,57,M,2,College,Married,Unknown,Blue,37,6,4,5,29258.227938425716,8,29250.227938425716,1.6841729440787017,1560,27,0.9229400602561373,0.0
419,52,M,0,Uneducated,Single,$60K - $80K,Blue,51,1,1,5,2884.878066671684,562,2322.878066671684,1.4954860263964773,2718,62,2.0163111480280667,0.0
420,52,F,1,Graduate,Single,$80K - $120K,Blue,40,3,3,2,1993.5624537000103,1688,305.56245370001034,1.3855744627306685,3808,83,0.0,0.0
421,45,F,4,Graduate,Married,$40K - $60K,Blue,22,6,0,4,1438.3,1622,3.0,0.27115624548797024,6608,93,3.016685996741745,0.15391057126653063
422,34,M,1,Uneducated,Single,$80K - $120K,Blue,47,4,6,1,25691.692846426446,860,24831.692846426446,0.9649688080753347,2961,53,0.0,0.38705177929627854
423,49,F,0,Unknown,Single,Less than $40K,Blue,30,4,1,4,2828.085367961323,1260,1568.0853679613228,1.5737082141216239,2921,36,0.0,0.4059678482246562
424,59,F,1,Unknown,Unknown,$120K +,Blue,32,3,6,4,1438.3,1285,153.29999999999995,1.4855327079374967,3015,45,0.5118048115428938,0.0
425,46,F,1,High School,Single,$60K - $80K,Blue,18,4,0,0,14089.09104787089,481,13608.09104787089,0.5633534540337303,5895,86,0.1082581325329739,0.041090416300598204
426,51,M,2,High School,Married,Less than $40K,Blue,24,1,2,2,13317.610767273094,506,12811.610767273094,1.0428150765879696,4753,83,0.34005552853433,0.9601394271194205
427,51,M,2,Graduate,Divorced,$80K - $120K,Blue,27,6,0,0,16851.550471656854,891,15960.550471656854,0.5501260826795895,3266,39,1.7534566434813184,0.3234788044387368
428,48,F,2,Graduate,Married,Less than $40K,Blue,33,3,1,3,4621.771438159962,0,4621.771438159962,0.5122612875082977,5238,109,0.6185567271433806,0.13753199798188023
429,40,F,1,Unknown,Divorced,$40K - $60K,Blue,56,2,1,3,23353.13644433491,522,22831.13644433491,1.0325637770646188,4029,64,1.9706750650116707,0.03220329105236852
430,53,F,5,College,Single,$40K - $60K,Blue,20,3,1,6,5991.347408582022,1419,4572.347408582022,0.823257313356873,4535,67,0.11573358646801335,0.13794565160234348
431,57,F,1,Graduate,Married,Unknown,Blue,42,6,2,1,22271.972080944783,879,21392.972080944783,0.0,5986,77,1.7374230891907638,0.7220447074659685
432,56,M,0,Graduate,Married,$120K +,Blue,39,3,2,3,5061.892647335814,430,4631.892647335814,1.5847280291864956,4189,59,0.0,0.0
433,48,M,1,Unknown,Single,Less than $40K,Blue,32,3,6,2,3976.894818862689,0,3976.894818862689,2.673002925312611,1735,37,0.0,0.17659945252351744
434,56,F,4,Graduate,Single,$120K +,Blue,29,4,5,6,7655.330305455686,1926,5729.330305455686,0.9995173482102108,1860,23,0.0,0.6389723442507366
435,49,F,5,Graduate,Married,Less than $40K,Blue,40,5,2,0,8950.196557146379,0,8950.196557146379,2.375535322904382,5297,92,0.5344533192572276,0.23075247253148243
436,48,F,0,High School,Unknown,$40K - $60K,Blue,39,3,1,4,6984.002978837487,1967,5017.002978837487,0.0,4344,49,0.10829864755251972,0.0
437,52,F,0,Unknown,Single,Less than $40K,Blue,45,4,4,5,8399.353498617244,0,8399.353498617244,0.0,2217,29,0.0,0.0
438,54,M,0,High School,Single,$60K - $80K,Blue,37,3,0,0,4547.863863367255,1018,3529.8638633672554,2.6951375562744824,6975,105,1.9212319785336258,0.0
439,53,F,3,Uneducated,Single,$120K +,Blue,42,5,0,3,18667.270495658144,1214,17453.270495658144,0.5462460626789574,6006,104,0.0,0.0
440,62,F,2,College,Married,$80K - $120K,Blue,35,4,4,3,32734.471053848058,961,31773.471053848058,0.2756116351247131,5166,71,0.0,0.0942318335057706
441,32,F,1,Graduate,Married,$80K - $120K,Blue,34,2,2,0,21931.585863329157,0,21931.585863329157,1.556200456019488,1990,54,0.0,0.054141344487448534
442,47,M,1,High School,Married,$80K - $120K,Blue,42,3,2,6,15025.286559029642,1220,13805.286559029642,0.09924190387733667,4935,66,2.2094181689883734,0.0
443,55,F,1,Graduate,Unknown,Less than $40K,Blue,27,4,2,3,16336.57331599197,0,16336.57331599197,0.0,3947,45,2.830808695733537,0.0
444,38,M,1,Graduate,Married,Unknown,Blue,16,4,0,4,6096.3712411573815,707,5389.3712411573815,0.0,1945,25,1.279633809740731,0.24535731854597959
445,46,M,4,Doctorate,Single,Less than $40K,Blue,27,6,3,0,1438.3,2058,3.0,0.7359211809746474,5948,84,1.3079478775811748,0.5600274261656647
446,59,F,1,College,Single,Less than $40K,Blue,47,3,1,2,13975.312023361214,1175,12800.312023361214,0.0,1750,29,0.0,0.13538932716266322
447,64,F,5,Unknown,Single,$120K +,Blue,38,3,6,6,6731.114644673747,2039,4692.114644673747,0.0,4406,58,2.8862656982020978,0.10526988957613537
448,45,M,5,College,Married,$40K - $60K,Blue,26,4,2,1,1438.3,0,1438.3,1.6616803565181626,719,10,0.8525896874192413,0.37605042705492797
449,49,F,4,High School,Married,$40K - $60K,Silver,33,5,2,1,6857.358538749413,1340,5517.358538749413,0.0,2762,49,1.8192265191349022,0.2154262690996009
450,37,M,1,Graduate,Single,$60K - $80K,Blue,39,2,1,6,3089.4155485148904,319,2770.4155485148904,0.19401002495303243,1909,76,1.8339620703900628,0.34619066450162106
451,59,F,3,Graduate,Single,Less than $40K,Blue,47,5,6,4,1438.3,0,1438.3,0.7743803020166674,3105,62,1.1606737481543568,0.0
452,50,M,1,High School,Single,Less than $40K,Blue,32,4,6,1,8727.752662063092,1019,7708.752662063092,0.5148846092427094,3310,47,0.4404713881403608,0.405399813569106
453,45,M,3,Graduate,Married,$120K +,Blue,34,4,2,5,10690.270293966369,2092,8598.270293966369,0.0,9184,98,1.3196299393957656,0.0
454,33,M,2,Graduate,Single,$80K - $120K,Blue,32,4,4,2,14273.792009615936,0,14273.792009615936,0.9435465238943778,2806,34,1.3268221675381036,0.059137717078990085
455,50,M,2,Doctorate,Single,Unknown,Blue,39,5,6,3,3849.544410889177,0,3849.544410889177,0.0,3137,61,2.28654767124489,0.0
456,30,M,4,Unknown,Married,$80K - $120K,Blue,37,5,6,4,9422.256173768199,136,9286.256173768199,2.116143428986001,2238,36,0.0,0.2662047816608503
457,60,M,3,Unknown,Single,$40K - $60K,Blue,25,2,1,1,1438.3,258,1180.3,1.4641435202312918,1887,28,1.037534988854036,0.14763182886621318
458,39,M,5,Unknown,Married,Unknown,Blue,40,2,4,4,3873.413959495204,571,3302.413959495204,0.3791525708341666,4314,74,0.3292667146877624,0.3112221918068331
459,50,F,4,High School,Married,Less than $40K,Blue,33,6,1,3,5348.06102646431,889,4459.06102646431,0.3255846402822487,4269,58,1.9557514120448922,0.025340584050459025
460,49,M,5,Graduate,Married,Less than $40K,Silver,47,2,4,0,7174.372677707934,0,7174.372677707934,2.2360288124019023,2110,55,0.0,0.0
461,52,M,2,Graduate,Divorced,Less than $40K,Blue,26,3,4,4,16408.913098742545,0,16408.913098742545,0.0,909,10,0.8334442150324646,0.0
462,56,M,2,College,Single,Less than $40K,Blue,36,3,6,5,3209.207836556596,263,2946.207836556596,3.397,3380,57,0.0,0.0
463,35,F,2,High School,Married,$60K - $80K,Blue,31,1,3,4,1438.3,1473,3.0,1.0404340723758916,5941,75,2.1769776778589547,0.34013079476844965
464,48,F,4,Post-Graduate,Single,Less than $40K,Blue,46,3,0,6,1771.573238915139,565,1206.573238915139,0.0,5008,79,0.31913402834714066,0.3237658144908194
465,42,F,1,High School,Divorced,$120K +,Blue,18,4,6,4,6613.270279636161,2305,4308.270279636161,1.476457450960735,3211,50,0.0,0.0
466,46,F,3,Uneducated,Married,$80K - $120K,Blue,39,3,2,2,9441.568273378874,295,9146.568273378874,0.0,1142,13,1.1854803354744203,0.0
467,55,M,3,Uneducated,Single,Unknown,Blue,34,2,6,0,15739.716955434607,536,15203.716955434607,0.8719183799457049,1723,23,1.1207145199960427,0.04650598752920611
468,48,M,2,Graduate,Married,Less than $40K,Blue,34,3,3,5,6794.535094865852,376,6418.535094865852,0.0,1760,25,0.7801811893337257,0.020930737100109842
469,54,F,4,Graduate,Married,$40K - $60K,Blue,33,2,6,3,1438.3,241,1197.3,0.8866381283627383,5286,76,0.0,0.7764937389931953
470,34,F,4,Doctorate,Single,Less than $40K,Blue,50,2,1,1,1438.3,727,711.3,1.8354541369680473,6045,84,0.796770366411907,0.0
471,44,M,2,Doctorate,Single,Unknown,Blue,43,4,2,3,9904.712001302149,1168,8736.712001302149,2.1199485173394126,5406,71,0.0,0.238942686408626
472,26,F,5,Graduate,Single,Less than $40K,Blue,45,6,1,6,2226.0943325761255,3,2223.0943325761255,1.5019773082348267,2663,61,0.3354727620578899,0.0
473,32,F,3,Uneducated,Single,$80K - $120K,Blue,44,3,4,0,1438.3,305,1133.3,0.04921978071422406,3260,59,3.714,0.0
474,46,M,3,Uneducated,Single,Less than $40K,Blue,39,3,0,4,1946.002283653028,343,1603.002283653028,0.0,9229,92,1.4829005765073813,0.11508848223050121
475,42,M,3,Graduate,Married,$40K - $60K,Gold,32,4,0,4,16162.610186331549,132,16030.610186331549,1.131467419595035,3931,53,0.0,0.0
476,47,M,2,Post-Graduate,Married,$60K - $80K,Blue,38,1,0,2,1438.3,0,1438.3,0.0,3799,56,0.8339586415047282,0.0
477,48,F,1,High School,Married,Less than $40K,Blue,47,3,1,1,1438.3,651,787.3,1.0908485805307817,3350,34,0.0,0.0
478,44,M,5,High School,Married,Unknown,Blue,38,3,0,5,7816.255400412852,150,7666.255400412852,0.5755235840344537,3905,58,0.0,0.24768716561992177
479,38,M,2,Uneducated,Unknown,Less than $40K,Blue,50,5,6,2,15075.416690907561,168,14907.416690907561,0.6996405353538414,4196,82,0.0,0.5769363224003407
480,46,F,0,Graduate,Single,$80K - $120K,Blue,24,6,3,3,1438.3,0,1438.3,0.8950782581443382,1196,17,0.46927179368335803,0.39789318483386404
481,59,M,1,Unknown,Single,Less than $40K,Blue,39,1,3,5,16452.706239872823,334,16118.706239872823,0.4550391255048521,4516,74,0.0789693930507831,0.0
482,39,M,2,High School,Married,Unknown,Blue,27,3,2,1,4916.184072201479,0,4916.184072201479,0.0660985455928279,1369,22,0.0,0.25222856418435813
483,37,M,3,College,Divorced,$40K - $60K,Blue,28,2,1,4,30937.7633970395,266,30671.7633970395,0.6416638046091714,3608,50,0.4015270279963693,0.5620766957875023
484,32,F,2,Graduate,Married,Less than $40K,Blue,40,5,1,0,1438.3,758,680.3,0.2566920503364836,8660,113,1.1985780333222604,0.04584330909328116
485,41,F,4,High School,Married,$80K - $120K,Blue,35,5,5,6,23805.18996529106,660,23145.18996529106,2.0009697028105187,5617,75,1.6962551000423929,0.45510518262606675
486,35,M,4,College,Single,$40K - $60K,Blue,25,3,2,5,19174.809192581295,2517,16657.809192581295,1.1407332381118687,5467,79,0.0,0.24568928646600827
487,51,M,0,Doctorate,Unknown,Unknown,Blue,34,4,6,2,1438.3,1349,89.29999999999995,0.0,4341,72,1.3991085955468539,0.6494119500587265
488,50,M,0,College,Unknown,Less than $40K,Blue,44,4,0,2,15706.376316943084,2517,13189.376316943084,1.0303067782119015,1337,25,0.0,0.12407191947438652
489,29,F,1,Doctorate,Single,$60K - $80K,Blue,35,4,1,5,5624.108806057364,1030,4594.108806057364,0.7914567845566455,1909,29,2.5864260195699766,0.0
490,35,F,5,High School,Married,$80K - $120K,Blue,33,3,5,1,26456.29423440872,1282,25174.29423440872,0.2128454774593348,2436,51,2.56017713267155,0.5676376880703464
491,40,F,4,High School,Single,Less than $40K,Blue,49,3,6,2,4682.568614972974,1048,3634.5686149729736,0.0,3329,50,0.0,0.6281355916601712
492,39,F,3,Uneducated,Single,Less than $40K,Blue,51,2,3,3,1438.3,2259,3.0,0.0,4555,64,0.0,0.2259516984009614
493,50,F,0,Unknown,Single,Less than $40K,Blue,45,2,5,5,19094.39916245214,1059,18035.39916245214,0.30854410699668716,3840,72,0.0,0.0
494,42,M,3,Post-Graduate,Married,$40K - $60K,Silver,37,5,3,3,21859.482889832376,235,21624.482889832376,1.563377318638031,2093,51,0.0,0.0
495,31,F,2,Graduate,Single,$40K - $60K,Blue,33,4,6,2,10909.716965791384,327,10582.716965791384,0.2204447460298249,4914,92,0.0,0.13122332616748805
496,57,F,2,Graduate,Married,$40K - $60K,Blue,38,3,1,4,7930.655737307084,0,7930.655737307084,0.13240770227220028,3952,49,0.0,0.1288696995119718
497,42,F,3,Unknown,Single,$40K - $60K,Blue,33,4,5,4,9092.527731913267,1232,7860.527731913267,0.0,6828,90,0.0,0.11832388548057059
498,47,F,1,Graduate,Single,Unknown,Blue,24,4,0,3,3843.329845343893,138,3705.329845343893,0.0,3597,51,1.3347391734928817,0.20422865795600703
499,29,M,1,High School,Married,$60K - $80K,Blue,40,5,4,4,2473.437524081908,1466,1007.4375240819081,0.5007896869626218,2233,45,0.0,0.07984244290169852
500,36,F,2,Graduate,Unknown,Less than $40K,Blue,41,5,2,3,8567.703287795626,1558,7009.703287795626,0.0,1892,44,2.438617648616314,0.0
501,52,F,1,High School,Married,$120K +,Blue,33,3,2,1,10574.941448259211,1396,9178.941448259211,0.0,1995,30,1.6531260699155945,0.028052865146765554
502,50,M,4,Post-Graduate,Married,Unknown,Silver,49,4,2,2,1438.3,413,1025.3,0.5014647422975775,4191,51,0.0,0.0
503,40,F,4,Uneducated,Single,Unknown,Blue,32,3,4,6,10695.271927544021,1054,9641.271927544021,0.292948143240789,2422,75,1.2757701300861213,0.0
504,41,M,1,College,Married,Less than $40K,Blue,25,2,3,5,22030.581900483907,887,21143.581900483907,0.12396952660992244,6896,86,0.0,0.0
505,41,M,4,Graduate,Married,$60K - $80K,Blue,20,1,2,5,2340.5331812790973,143,2197.5331812790973,0.0,4101,56,0.43760643430206314,0.6595477725245265
506,42,M,4,High School,Single,$40K - $60K,Blue,35,4,0,4,9886.487671257555,1396,8490.487671257555,0.7526184098732078,8480,117,1.7970726660850378,0.20016220806511933
507,41,F,3,High School,Married,Less than $40K,Blue,32,4,2,4,8598.539910899408,1136,7462.539910899408,0.7369796813166756,3011,50,0.3335970980800697,0.6350458698408574
508,37,F,5,Uneducated,Married,Less than $40K,Blue,42,4,5,6,4602.778451358909,0,4602.778451358909,0.8397097598135768,4496,74,0.0,0.5351730194963891
509,68,F,2,Graduate,Single,$120K +,Blue,49,6,2,2,11572.453990084065,792,10780.453990084065,1.710238743670697,6512,84,0.0,0.0
510,41,F,0,High School,Single,Less than $40K,Blue,39,5,6,4,25092.412352090378,0,25092.412352090378,0.5174635698356724,5833,85,2.094453731689752,0.4781149790887704
511,56,M,3,Uneducated,Married,Unknown,Blue,53,3,4,0,8213.889249033862,405,7808.889249033862,0.0,3363,59,2.1933728758973956,0.13421700822164487
512,47,F,2,Graduate,Married,Unknown,Blue,13,4,0,2,9190.262477969836,1060,8130.262477969836,0.6345492135319798,4902,70,2.7703378322221015,0.2645061569546681
513,47,F,2,High School,Married,$40K - $60K,Blue,41,2,3,2,14683.381903072637,472,14211.381903072637,1.4376668842087685,2533,39,1.755292480262914,0.0
514,37,F,0,Graduate,Unknown,$60K - $80K,Blue,42,3,3,0,1438.3,527,911.3,0.4844131888153165,5530,67,0.0,0.6594411483334391
515,50,M,2,High School,Divorced,$40K - $60K,Blue,43,3,0,5,1438.3,1028,410.29999999999995,2.2447139866730375,5790,62,0.0,0.5464371275585831
516,35,F,5,High School,Married,$60K - $80K,Blue,41,3,2,1,1438.3,0,1438.3,2.752024640389368,2764,56,0.0,0.0
517,44,F,3,Uneducated,Single,$60K - $80K,Blue,36,6,6,4,12140.281415633219,0,12140.281415633219,0.0,5520,81,0.8507104305529471,0.30459648652794025
518,45,F,3,College,Married,$60K - $80K,Blue,19,4,2,1,21166.599559509566,633,20533.599559509566,0.9725942584633587,3335,56,0.0,0.0
519,55,M,3,Graduate,Married,$60K - $80K,Blue,39,1,2,3,1438.3,1021,417.29999999999995,0.9995961654397911,4705,55,0.6312278299551024,0.0
520,42,M,2,Graduate,Married,Unknown,Blue,37,3,3,0,15331.120035226524,0,15331.120035226524,0.0,3653,60,0.0,0.27951585792206957
521,37,M,0,Unknown,Single,$40K - $60K,Blue,38,5,0,6,19778.54675326821,0,19778.54675326821,0.5381746926532669,2265,30,0.7208179229100814,0.0
522,45,F,2,Graduate,Married,Less than $40K,Blue,49,6,6,3,19978.76383572976,258,19720.76383572976,0.3608298405178807,10336,98,1.8016976860482181,0.40765321598962667
523,52,M,0,High School,Married,$80K - $120K,Blue,51,6,0,3,15723.691872655269,2254,13469.691872655269,0.9208023326565029,3809,63,0.27961484079459126,0.0
524,57,F,4,High School,Divorced,$80K - $120K,Blue,32,4,0,6,6435.437509723316,650,5785.437509723316,1.1023876948613471,7902,103,1.0377769353586255,0.07826456014644896
525,52,M,1,Uneducated,Unknown,Less than $40K,Blue,33,5,2,5,13435.865601678317,1171,12264.865601678317,0.8894874148215557,2660,47,1.730812009527575,0.021267377162865087
526,35,F,5,High School,Single,$60K - $80K,Blue,40,2,1,5,4724.387148624213,967,3757.3871486242133,1.7094448848831447,1701,25,0.0,0.4634335273257067
527,45,F,0,Uneducated,Married,Less than $40K,Blue,53,3,4,0,16520.51305788704,0,16520.51305788704,1.2415998620636066,677,10,1.5079317069649312,0.0
528,40,F,5,College,Single,Unknown,Silver,21,2,4,5,23825.998370125995,215,23610.998370125995,1.915887816045585,7462,114,0.0,0.7882088989908871
529,52,M,1,Unknown,Married,Unknown,Blue,48,1,2,0,7151.936589334291,1486,5665.936589334291,0.8572870934937242,2559,30,1.8560301387118798,0.0
530,46,F,5,Uneducated,Single,Less than $40K,Blue,22,5,6,5,3415.553240389165,915,2500.553240389165,0.8602548137414691,799,10,1.6785399963155525,0.3779708119512487
531,29,F,1,High School,Single,$40K - $60K,Blue,46,4,5,5,1438.3,0,1438.3,0.0,3083,51,0.0,0.19176535059365155
532,63,M,1,College,Single,$60K - $80K,Blue,31,4,4,3,1438.3,480,958.3,0.16296871248704936,1287,38,0.585162047283633,0.21831454887491372
533,36,M,2,College,Married,Less than $40K,Blue,31,1,1,3,18392.96457451629,992,17400.96457451629,2.5652765863728852,1793,62,3.307260345600739,0.36151401701755626
534,68,M,2,Unknown,Divorced,$80K - $120K,Blue,46,3,5,6,1438.3,746,692.3,0.0,3942,64,0.0,0.4244143312377697
535,43,M,2,High School,Married,$60K - $80K,Blue,43,1,6,0,12411.197101812873,703,11708.197101812873,1.0553212858711536,8124,103,0.6596883705589934,0.0
536,30,M,4,Uneducated,Single,$120K +,Blue,49,5,6,3,7517.336540894622,985,6532.336540894622,0.37280687563535764,2944,51,0.7101432015951002,0.0
537,37,F,1,Post-Graduate,Single,Less than $40K,Blue,44,4,3,3,8062.71875356675,0,8062.71875356675,1.91610147379369,3308,42,0.5312478020747127,0.28357737719908627
538,37,M,1,Graduate,Divorced,Less than $40K,Blue,50,3,1,3,11255.05653970661,820,10435.05653970661,1.205738187718907,6687,78,0.0,0.37012889181152364
539,45,F,2,High School,Single,Less than $40K,Blue,44,5,1,2,13442.381920843227,88,13354.381920843227,0.35567201088824046,2902,42,1.076804312427393,0.48776274793068
540,37,F,0,Uneducated,Single,Unknown,Blue,29,5,1,3,1438.3,1009,429.29999999999995,0.790069311192709,2188,34,0.0,0.0
541,52,F,2,Doctorate,Married,$60K - $80K,Blue,33,1,5,5,1438.3,127,1311.3,0.45323536596620906,2226,78,0.0,0.0
542,48,F,2,Uneducated,Single,$40K - $60K,Blue,27,3,6,6,1438.3,1106,332.29999999999995,0.4798064328451616,5188,70,0.3884726089157218,0.20472664645791766
543,57,F,2,Graduate,Single,Less than $40K,Blue,44,3,0,6,6029.765022101843,248,5781.765022101843,1.0559714727918736,2179,27,1.280920351030912,0.21372680618469794
544,37,F,1,Graduate,Married,$60K - $80K,Blue,47,3,6,6,11403.767815981577,1090,10313.767815981577,0.0,6256,95,0.8525402203798438,0.3638632895640549
545,50,M,3,Unknown,Unknown,Less than $40K,Blue,24,3,2,2,2556.9551358580175,1509,1047.9551358580175,0.0,871,12,0.8068630110879749,0.0
546,48,M,1,College,Married,$80K - $120K,Blue,42,3,3,1,9465.193868328675,1908,7557.193868328675,0.0,5780,69,1.2723759995582107,0.5645988166215414
547,45,F,1,Uneducated,Single,$80K - $120K,Blue,28,3,0,3,1438.3,0,1438.3,0.13168696276522568,4389,42,0.23851370073115133,0.1996289388519732
548,62,F,4,College,Single,$60K - $80K,Blue,25,3,2,0,25948.362447912354,0,25948.362447912354,1.2577813276080105,6634,72,1.307383551591934,0.6410353625051097
549,50,M,4,High School,Single,Unknown,Blue,27,5,0,1,1438.3,311,1127.3,0.0,1105,43,1.277992010317933,0.41379251247789417
550,42,F,0,Uneducated,Married,Unknown,Blue,33,3,0,5,20856.929973254362,0,20856.929973254362,0.8153681876892456,2795,56,0.0,0.258689839792218
551,46,M,0,Graduate,Unknown,$60K - $80K,Blue,50,3,4,2,1438.3,0,1438.3,1.6362409516645755,5315,61,0.0,0.2194991181975024
552,46,F,3,High School,Married,Unknown,Blue,44,5,3,1,5847.843857060807,0,5847.843857060807,0.0,1322,43,0.0,0.22913266170067284
553,57,F,3,Unknown,Married,Less than $40K,Blue,34,3,1,6,1438.3,269,1169.3,0.0,5803,91,0.5566333172719202,0.0
554,43,F,2,Post-Graduate,Married,$40K - $60K,Blue,18,5,0,4,2990.5117083927244,2225,765.5117083927244,2.33021026238332,876,13,0.0,0.8276584509715842
555,43,M,1,Graduate,Single,Less than $40K,Blue,49,5,6,0,14565.838614039742,1896,12669.838614039742,1.1125452540137672,3758,50,0.0,0.0
556,38,F,2,Unknown,Married,Less than $40K,Blue,50,5,3,6,7222.395988834055,0,7222.395988834055,2.0563222668521117,4775,80,0.0002732894033189437,0.2742340888943774
557,48,M,3,Unknown,Single,$120K +,Blue,32,4,0,3,4737.792580306434,444,4293.792580306434,0.0,8391,96,2.176322700551147,0.22687042166393667
558,52,F,1,Uneducated,Single,Less than $40K,Blue,22,1,6,1,1438.3,1879,3.0,0.5108587394296326,3400,55,1.704269421460844,0.12524072981264436
559,43,M,3,Unknown,Single,Less than $40K,Blue,34,6,2,2,8929.412232184206,810,8119.412232184206,0.0,1864,33,0.0,0.4003234713757403
560,38,F,3,Graduate,Divorced,$60K - $80K,Blue,37,4,3,5,25378.741193273847,901,24477.741193273847,0.08992569546616902,4126,57,0.0,0.4212087452130138
561,36,F,4,Graduate,Divorced,Less than $40K,Blue,33,1,1,6,5627.064131826895,0,5627.064131826895,1.4885414637067282,4957,55,1.5683516132958406,0.0
562,52,F,3,Uneducated,Single,$60K - $80K,Blue,28,2,3,5,19965.337503969182,0,19965.337503969182,0.1895523965330148,2293,42,0.8927042953396787,0.049676275912189795
563,46,F,2,Unknown,Married,Less than $40K,Blue,45,4,0,3,10312.085486689299,421,9891.085486689299,0.7477968947829514,3189,50,0.6829752578789123,0.0
564,54,F,1,High School,Married,Less than $40K,Blue,53,1,0,3,12911.891890030605,0,12911.891890030605,1.4116614482959413,1583,33,1.6963758354967071,0.15293509758113522
565,38,F,1,High School,Married,$60K - $80K,Blue,35,4,1,3,2966.1748469257127,410,2556.1748469257127,0.0,3074,55,0.6364317824940734,0.0
566,55,F,0,Graduate,Married,$60K - $80K,Blue,50,3,4,1,14179.134008918463,0,14179.134008918463,0.0,1522,35,0.8138296603517764,0.0
567,42,F,2,Graduate,Unknown,Less than $40K,Blue,29,2,4,2,25073.988542627478,1074,23999.988542627478,0.0,4179,57,1.1575750105344578,0.803798071149637
568,46,M,3,Graduate,Married,Less than $40K,Blue,24,3,4,2,16058.833001900708,69,15989.833001900708,2.465439673566405,2992,54,0.8925619297315206,0.0
569,47,M,1,High School,Married,Less than $40K,Blue,37,4,3,0,14522.652287427689,20,14502.652287427689,0.0,3296,45,1.5485671101004137,0.24363231313232922
570,64,F,5,High School,Married,$120K +,Blue,37,3,0,2,17418.694532016103,0,17418.694532016103,0.7321437892111248,4995,87,0.36041931186700993,0.23663000590587546
571,36,M,4,Unknown,Married,Less than $40K,Blue,28,4,1,2,11442.677998742458,734,10708.677998742458,0.0,1783,40,0.0,0.010655343281452595
572,38,M,4,High School,Single,Less than $40K,Blue,23,6,2,4,1438.3,1307,131.29999999999995,0.0,1813,72,0.0,0.0
573,46,F,3,Graduate,Single,Less than $40K,Blue,36,3,0,0,1438.3,1046,392.29999999999995,0.4412676495542872,758,10,0.0,0.25477614019706485
574,38,F,1,Graduate,Unknown,Less than $40K,Blue,45,4,4,4,12992.235123340597,0,12992.235123340597,3.397,5953,84,0.0,0.2749612078320546
575,50,F,5,Uneducated,Married,$40K - $60K,Blue,40,5,1,3,15164.026613718252,686,14478.026613718252,3.1629781213419372,5500,66,0.0,0.2648359398988852
576,37,M,1,Unknown,Married,Unknown,Blue,43,4,4,6,9899.84354789946,1414,8485.84354789946,1.2273283186434956,7373,90,0.43528718468101646,0.19536429658397642
577,44,F,2,Post-Graduate,Single,Less than $40K,Blue,27,6,5,6,12645.742883340245,1837,10808.742883340245,1.4203684339060825,850,18,1.1414719234775783,0.4458348369470257
578,40,F,3,High School,Married,$80K - $120K,Blue,45,5,0,6,1438.3,59,1379.3,0.0,1200,21,1.389522114533631,0.21162946582811182
579,59,M,1,Graduate,Unknown,Less than $40K,Silver,43,2,5,4,1438.3,122,1316.3,1.635308661669317,5530,67,0.8178709239302487,0.19986943440466556
580,52,F,3,Uneducated,Single,Less than $40K,Blue,40,5,1,2,9602.434766380116,0,9602.434766380116,0.6273731808334534,5021,89,0.9488015420644562,0.0
581,51,F,0,High School,Single,Less than $40K,Blue,50,4,2,0,1438.3,141,1297.3,1.3870855245034628,8323,92,0.04445033515642349,0.21940500068538166
582,37,M,5,Graduate,Married,$40K - $60K,Blue,38,5,2,2,1438.3,1595,3.0,2.512537211845685,3955,64,0.0,0.34439486253483353
583,40,F,5,Post-Graduate,Married,Less than $40K,Blue,42,3,1,1,9864.984031985323,674,9190.984031985323,0.7388990931681084,3359,42,0.1903439399497155,0.10945150675290646
584,47,F,3,Unknown,Divorced,$60K - $80K,Blue,43,3,4,3,10436.468102586701,0,10436.468102586701,0.0,1309,13,0.0,0.5575128350080183
585,51,M,5,High School,Married,$80K - $120K,Blue,53,6,2,0,1438.3,1550,3.0,1.350171461579898,4828,61,0.0,0.0
586,34,M,1,Graduate,Single,Less than $40K,Blue,35,6,6,2,8156.145276845391,0,8156.145276845391,1.7043601807330018,5908,76,1.2476374403634063,0.0
587,41,M,1,College,Single,$80K - $120K,Blue,43,3,2,0,1438.3,0,1438.3,0.0,1635,25,2.7220103679495353,0.33361626748878387
588,31,F,0,Graduate,Married,$40K - $60K,Silver,39,2,0,4,1438.3,0,1438.3,1.1043999758384895,1421,18,0.0,0.416443464222354
589,40,M,1,College,Married,Less than $40K,Blue,53,4,5,3,23185.454309892673,1087,22098.454309892673,0.0,2981,47,0.8138706216007523,0.999
590,51,F,3,High School,Single,Unknown,Blue,23,5,1,4,13517.584457748031,267,13250.584457748031,1.316250160746642,782,10,1.911940958754573,0.6266341576456266
591,50,F,5,High School,Single,Less than $40K,Silver,24,2,3,6,1438.3,1047,391.29999999999995,1.1790377856267782,1557,26,0.9067734799151468,0.6975474212457806
592,45,F,1,College,Married,Less than $40K,Silver,48,5,3,1,15980.207090498086,375,15605.207090498086,2.4243737857584273,9729,108,0.7155938793053409,0.4027392810099121
593,41,M,2,High School,Divorced,Less than $40K,Blue,45,4,3,2,1438.3,634,804.3,0.08853039003803509,5268,63,0.0,0.31660346740546674
594,42,M,0,Graduate,Married,$40K - $60K,Blue,30,5,6,2,20159.50780047958,1150,19009.50780047958,1.463397244260912,3116,41,0.0,0.06842863812743197
595,60,F,0,High School,Single,$120K +,Blue,27,4,4,4,17766.21320932256,601,17165.21320932256,0.2420844292501348,1730,33,1.2616732213876714,0.33605906092239807
596,47,M,3,College,Divorced,$80K - $120K,Blue,44,1,5,1,6678.893416038186,1783,4895.893416038186,1.7817502266512022,5741,76,0.0,0.08699059656419182
597,33,M,2,Unknown,Unknown,$60K - $80K,Blue,48,5,2,0,1438.3,96,1342.3,0.4463589350100563,3441,45,0.6947680583955211,0.05667504362145956
598,49,F,4,High School,Single,Less than $40K,Blue,30,6,2,2,15248.270799897087,1524,13724.270799897087,0.0,5749,90,2.5086281982964707,0.0
599,48,M,3,Unknown,Married,Unknown,Blue,41,3,3,4,11081.010264436816,283,10798.010264436816,1.8626985854737328,7566,88,0.0,0.4947545950043016
600,56,M,1,Graduate,Single,Less than $40K,Blue,35,3,1,3,24375.84775167748,44,24331.84775167748,1.0844257639858532,1427,25,0.08898400384965399,0.1048926370874952
601,41,F,4,Graduate,Single,Less than $40K,Blue,56,2,6,3,21656.765904437052,469,21187.765904437052,1.4806746772240627,4464,83,0.17298168455366353,0.3097375838284234
602,46,M,1,High School,Unknown,$40K - $60K,Blue,19,6,4,2,15946.60479520434,0,15946.60479520434,0.8297232719469134,3689,50,0.0,0.0
603,50,M,1,Graduate,Single,Less than $40K,Blue,36,3,3,2,1438.3,707,731.3,1.4534076742651338,2528,37,0.5941024728840077,0.23576723745253286
604,47,F,1,Uneducated,Unknown,$40K - $60K,Blue,27,3,5,6,9258.423531218885,631,8627.423531218885,2.9171241597323574,1041,25,1.99735459018236,0.0
605,43,M,0,Unknown,Unknown,Less than $40K,Blue,41,1,1,1,21728.0944715138,0,21728.0944715138,2.219584018166453,4056,55,0.0,0.011910842482720035
606,55,M,2,High School,Married,Less than $40K,Blue,46,3,6,1,1438.3,2517,3.0,2.3805799661091402,2074,36,0.0,0.0
607,33,M,2,High School,Single,$80K - $120K,Silver,51,3,2,4,1438.3,920,518.3,1.7613754034808689,1631,45,0.12851626433669305,0.20240674090695526
608,44,M,1,Post-Graduate,Married,$40K - $60K,Blue,43,2,4,4,12019.934889259326,508,11511.934889259326,0.0,3240,43,0.1268410732210577,0.0
609,57,F,0,High School,Divorced,$120K +,Blue,43,4,1,6,1438.3,642,796.3,0.0,6031,92,1.5620965520431844,0.7275036364915816
610,46,F,2,Graduate,Married,$120K +,Blue,30,4,1,1,12770.833547841617,0,12770.833547841617,0.565916572029169,2789,65,0.0,0.21745733764074196
611,41,F,2,Unknown,Single,Unknown,Blue,41,4,3,6,1438.3,0,1438.3,1.2490229247180564,3330,44,1.4905819695767835,0.0
612,53,F,2,Graduate,Married,$60K - $80K,Blue,30,3,0,2,9797.835221921077,302,9495.835221921077,2.4393525719335525,3645,67,0.6625151865776414,0.0
613,50,F,4,Graduate,Single,Unknown,Blue,29,6,5,0,10458.091074832835,299,10159.091074832835,0.9930631892658989,3984,56,0.26524653409943016,0.14373692851553635
614,43,F,3,Unknown,Single,Less than $40K,Gold,44,2,2,1,4776.276017335448,0,4776.276017335448,0.29112750332916837,1193,16,1.6959356988897958,0.05485476672626326
615,46,M,3,Graduate,Unknown,Less than $40K,Silver,41,5,2,2,4312.096432678248,0,4312.096432678248,0.0,2561,30,0.0,0.0034982398961458903
616,43,M,2,High School,Married,Less than $40K,Gold,27,2,1,1,1438.3,787,651.3,0.03823292981892068,3819,43,1.5499575916764257,0.0
617,48,M,0,Uneducated,Single,$80K - $120K,Blue,39,2,4,4,1438.3,1106,332.29999999999995,0.5267204231737884,4845,65,0.0,0.5459267255229823
618,34,F,1,Graduate,Single,Less than $40K,Blue,40,2,3,3,1438.3,1488,3.0,0.6759197563207409,6402,67,0.5272245904788129,0.0
619,47,F,3,Unknown,Married,$80K - $120K,Blue,18,1,0,3,9931.712226128295,0,9931.712226128295,0.47243489618580414,4067,62,0.9047101265240677,0.5769219287950331
620,61,F,0,Graduate,Unknown,$40K - $60K,Blue,29,2,5,2,7174.658891757525,956,6218.658891757525,0.9410929951462867,3647,55,0.7474385539855781,0.0
621,57,M,5,College,Single,$40K - $60K,Blue,43,3,5,2,13549.620812999266,1631,11918.620812999266,0.2871404950792155,2296,56,0.37962868866389243,0.32910670920178997
622,54,M,0,Post-Graduate,Single,$40K - $60K,Blue,43,5,2,2,3739.3209154455863,2476,1263.3209154455863,2.0850293772337998,2623,77,1.7657121950662413,0.0
623,38,F,3,High School,Unknown,Less than $40K,Blue,41,2,3,4,1438.3,1498,3.0,1.2198729397683266,2939,56,1.3213376505628474,0.6056119916910371
624,52,F,2,High School,Single,Less than $40K,Blue,33,1,2,3,1438.3,0,1438.3,0.11781004262143746,4841,76,0.8364220013075281,0.2117036221021005
625,58,F,2,Graduate,Single,$40K - $60K,Blue,28,4,0,5,1438.3,1832,3.0,0.22718905099755526,1877,29,0.8689953150567498,0.3848442108495388
626,29,M,3,Graduate,Married,Less than $40K,Blue,29,6,0,5,17055.378681919785,231,16824.378681919785,1.3855714898418983,2319,34,2.1486260882563544,0.0
627,41,F,0,High School,Divorced,$120K +,Blue,45,3,3,3,17867.793741099216,1685,16182.793741099216,1.3702026068840936,2863,45,1.5641139896018192,0.2245211438623459
628,48,M,4,Graduate,Single,$60K - $80K,Blue,27,3,3,4,16710.53558014108,0,16710.53558014108,0.0,1292,22,0.5545204102262727,0.0
629,48,M,5,Unknown,Married,$40K - $60K,Blue,51,4,0,0,13691.10947148189,1,13690.10947148189,2.0726273274062423,3000,69,1.7852895116756096,0.5686825804517659
630,48,M,0,Unknown,Married,$80K - $120K,Blue,39,4,1,6,17261.34155398138,0,17261.34155398138,0.13018304047306528,8471,122,0.5520781492061985,0.6929741686629831
631,59,M,3,High School,Single,Unknown,Blue,37,4,0,1,1438.3,2084,3.0,0.9957149949616857,3252,48,0.5106265452233013,0.013591599650174868
632,46,F,2,Graduate,Single,$40K - $60K,Blue,40,5,0,1,8297.085325247692,749,7548.085325247692,0.9876061575493622,7352,81,1.3860741333261513,0.0
633,44,F,2,Graduate,Single,$60K - $80K,Blue,40,4,2,4,6069.206181278121,0,6069.206181278121,1.6398353874338272,4992,67,0.0,0.04419136148921762
634,36,M,2,Post-Graduate,Single,$80K - $120K,Blue,36,5,3,3,18092.24603531541,2375,15717.24603531541,0.8260081560612036,2592,55,0.17181503213415683,0.7628274248887521
635,50,F,2,Graduate,Single,Less than $40K,Blue,23,5,0,1,5353.625465429037,1057,4296.625465429037,0.5667071389540554,2662,37,1.0706138753235859,0.02335248290475215
636,26,M,5,High School,Divorced,$60K - $80K,Blue,36,3,0,0,29934.79489295387,1174,28760.79489295387,0.23731890153411572,6961,103,0.0,0.23176277547216906
637,55,M,1,Unknown,Married,Less than $40K,Blue,37,5,3,2,2033.7523428292907,127,1906.7523428292907,0.22401494869057725,5517,72,1.3504825270026042,0.6790807564203901
638,53,F,2,High School,Single,Less than $40K,Blue,26,6,0,3,3254.4205548826067,1276,1978.4205548826067,1.0137023382025796,2394,40,2.692216684102285,0.009557685540735106
639,44,F,0,Graduate,Married,Unknown,Blue,39,3,5,6,18072.59741415218,1171,16901.59741415218,0.0,4957,83,0.0,0.0
640,51,F,5,High School,Married,$80K - $120K,Blue,36,3,3,4,11490.365225077572,1886,9604.365225077572,1.9241054480851694,5634,65,0.0,0.43377127779284497
641,48,F,2,Graduate,Single,Less than $40K,Blue,29,5,5,6,9030.475936021161,0,9030.475936021161,0.0,3703,66,0.9198977326935203,0.0
642,35,M,1,Unknown,Unknown,Less than $40K,Blue,40,3,1,5,8017.38223614945,54,7963.38223614945,0.17140693084100855,3323,44,0.5334103118427277,0.27194759954414494
643,53,M,1,Graduate,Married,$60K - $80K,Blue,46,4,0,3,24331.084891113765,1704,22627.084891113765,1.7549926814815122,3208,61,0.0,0.0
644,58,F,1,Uneducated,Single,$80K - $120K,Blue,45,6,0,4,16393.836678445634,0,16393.836678445634,0.0,3737,60,0.18711392502730068,0.1633114697105376
645,36,M,2,Graduate,Single,Less than $40K,Blue,42,3,2,3,7266.58665411747,1120,6146.58665411747,0.0,2569,42,2.0036663951979183,0.29016374315889726
646,56,M,2,Graduate,Married,$80K - $120K,Blue,53,2,2,5,8507.748381978925,1274,7233.748381978925,1.2856126133152839,1413,28,0.0,0.0
647,36,F,0,Graduate,Married,Less than $40K,Blue,43,5,6,1,11410.185309065359,2517,8893.185309065359,0.39774941446878004,4546,63,0.0,0.0
648,52,M,3,Unknown,Married,$40K - $60K,Blue,40,1,4,3,11803.336711218206,118,11685.336711218206,0.3948966943197036,5930,85,1.3057516378272411,0.5005961445560936
649,40,F,0,College,Single,Less than $40K,Blue,36,6,2,2,21966.65422719934,54,21912.65422719934,0.8074847185227626,1944,40,0.04684405242914713,0.03643841983744345
650,42,F,3,Unknown,Married,$40K - $60K,Blue,26,2,2,3,10264.643972334507,0,10264.643972334507,0.007981433001910232,8062,115,1.1478160531203538,0.47558646077138084
651,40,F,0,Doctorate,Single,Less than $40K,Blue,40,6,0,2,6724.656425035306,1858,4866.656425035306,0.8683344698746871,4654,53,0.4592179504774192,0.2129065073829245
652,32,M,4,College,Married,Unknown,Blue,44,4,5,3,1438.3,2343,3.0,2.2609544966295707,4077,65,1.5319329258654735,0.0
653,40,M,3,Post-Graduate,Married,Less than $40K,Blue,31,4,0,5,6164.642628848187,846,5318.642628848187,0.5825755914496762,6246,69,0.20825391908716684,0.23127836072999225
654,57,F,0,Unknown,Unknown,$60K - $80K,Silver,33,5,1,0,11027.035273269932,1313,9714.035273269932,1.4921703877464738,1629,39,0.0,0.25699974272852405
655,39,M,0,College,Married,Less than $40K,Blue,40,4,6,0,1438.3,1510,3.0,0.0,1881,23,0.4194223861392814,0.40880875061550837
656,44,M,3,Unknown,Married,Less than $40K,Blue,40,2,1,2,1438.3,852,586.3,0.0,1718,53,0.0,0.25087396937157147
657,43,F,2,High School,Divorced,$120K +,Blue,32,2,1,4,1438.3,56,1382.3,0.0,5934,62,2.107503474386771,0.0
658,48,M,2,Graduate,Unknown,Unknown,Blue,39,5,4,5,1438.3,2305,3.0,1.7231139812589729,1180,27,0.24388484256253157,0.0
659,55,F,5,Unknown,Unknown,Less than $40K,Blue,41,3,6,6,4190.914484977004,2081,2109.9144849770037,1.0816188408788534,4755,74,0.29106985705802163,0.5532700229689786
660,47,F,2,Unknown,Single,Less than $40K,Blue,37,3,6,3,1438.3,387,1051.3,0.17129885998133532,2976,61,0.0,0.2586406033039418
661,46,M,2,Unknown,Single,$60K - $80K,Blue,42,5,4,3,15306.509204909526,759,14547.509204909526,1.188323721303178,707,10,2.6330231132788757,0.0
662,49,M,3,High School,Married,$80K - $120K,Blue,46,4,5,2,13091.486365652925,0,13091.486365652925,0.5695419570229954,2832,30,0.5626175589830802,0.0
663,57,F,1,Graduate,Married,Less than $40K,Blue,34,5,0,2,25741.057644610588,1624,24117.057644610588,1.0795963305210603,6181,95,1.9523680313829763,0.5251506987669247
664,58,F,3,Graduate,Married,$120K +,Blue,14,3,3,5,1438.3,104,1334.3,0.385427428739058,1590,40,0.0,0.18121106769950948
665,40,M,5,Graduate,Single,$40K - $60K,Blue,32,3,5,6,30161.675032405263,428,29733.675032405263,0.8983016637193592,5008,73,1.3516615797094218,0.0
666,46,F,1,High School,Single,$60K - $80K,Blue,36,5,4,4,7469.710615414343,2517,4952.710615414343,0.0,4224,66,0.0,0.0
667,39,M,1,Uneducated,Single,$40K - $60K,Blue,13,5,3,0,9310.85987333745,716,8594.85987333745,0.08978772077209729,851,13,3.2920038002454244,0.2701555194609045
668,68,F,1,Post-Graduate,Married,Less than $40K,Blue,44,1,3,3,6678.304060295888,0,6678.304060295888,2.0193406042795297,2706,37,1.1048559979467345,0.0
669,55,F,5,High School,Married,$80K - $120K,Blue,39,3,3,3,4297.456272664417,1895,2402.456272664417,0.04384494813624784,949,10,0.475380038534157,0.21005633663162307
670,63,F,1,Graduate,Divorced,Unknown,Blue,42,4,4,2,17567.117611268204,1529,16038.117611268204,1.1017562415426783,3337,51,0.012584444721210453,0.999
671,54,F,3,High School,Unknown,$120K +,Blue,36,5,4,3,22569.59787064114,140,22429.59787064114,0.0,5690,100,1.3681279645772029,0.33804570016040325
672,53,M,0,High School,Married,$80K - $120K,Silver,32,4,2,1,27660.593815553388,0,27660.593815553388,2.352541803842935,3667,51,0.1254585714957006,0.37397775721962123
673,39,F,2,High School,Married,Unknown,Blue,23,1,2,6,9998.423514093842,2066,7932.423514093842,0.6766174201410139,5055,66,0.15443229971676975,0.743848577103347
674,40,F,3,Uneducated,Single,Unknown,Blue,27,3,5,4,10299.434678608766,551,9748.434678608766,0.4163531861774107,1666,32,1.8104291685538811,0.06930149802225037
675,50,M,0,Unknown,Married,$60K - $80K,Blue,39,2,2,0,13533.629747108691,540,12993.629747108691,1.1380228217853918,5288,80,1.1426567289217622,0.7039000829434036
676,37,M,1,High School,Single,$40K - $60K,Blue,29,2,0,2,7095.30492506422,165,6930.30492506422,2.1202279249548606,1119,24,0.3702812224297445,0.0
677,44,M,3,Doctorate,Single,$80K - $120K,Blue,36,3,2,6,18690.69971942188,0,18690.69971942188,1.722914461158524,7378,111,0.112970784182232,0.0
678,48,M,1,Uneducated,Single,Unknown,Blue,28,2,3,6,19749.09472736899,814,18935.09472736899,0.8649624955770809,1273,13,0.9744400835313198,0.0
679,40,F,2,Uneducated,Unknown,$60K - $80K,Blue,24,3,4,2,17752.090710666685,974,16778.090710666685,0.40848799317965306,2791,45,1.8592669415147074,0.20050586297018455
680,34,F,4,Uneducated,Married,$60K - $80K,Blue,41,2,1,4,7394.278351368534,344,7050.278351368534,0.8209348497654217,1702,28,2.079373495893155,0.0
681,49,F,0,Post-Graduate,Single,$60K - $80K,Blue,43,5,4,0,19569.678972594185,0,19569.678972594185,0.0,4181,61,0.0,0.0
682,45,M,5,Graduate,Married,Less than $40K,Blue,35,4,2,2,1438.3,0,1438.3,1.5554739076075217,2574,59,0.0,0.0
683,51,F,5,High School,Single,Unknown,Blue,26,3,4,3,7168.823699581771,309,6859.823699581771,0.0,6204,101,2.3760926749728872,0.2888072168774166
684,31,M,5,College,Single,Less than $40K,Blue,34,3,4,4,22437.32118661444,793,21644.32118661444,0.38882423944673766,1052,22,0.0,0.19334323158051983
685,29,F,4,Graduate,Single,Less than $40K,Blue,43,4,3,2,1438.3,1361,77.29999999999995,1.0949019730844558,2142,50,0.0,0.3427193823162391
686,53,M,3,Uneducated,Married,$120K +,Gold,40,5,2,5,6359.556793028839,973,5386.556793028839,0.0,4282,51,1.115230973593337,0.21069913683893893
687,26,M,3,Unknown,Married,$80K - $120K,Blue,38,4,2,5,18013.04010912779,1831,16182.040109127789,1.0399490297643785,8379,100,0.282313340189178,0.023199459697431396
688,26,F,2,Uneducated,Married,$120K +,Blue,44,4,2,6,6845.725115498954,285,6560.725115498954,0.3531170852052182,7711,113,0.7185864156280007,0.5089096407899547
689,40,M,0,High School,Married,$40K - $60K,Gold,25,4,4,1,26555.148103793177,123,26432.148103793177,2.2781298539522155,781,11,0.880980121200528,0.0
690,46,F,0,Graduate,Single,$120K +,Blue,30,3,4,6,1438.3,0,1438.3,0.38044167015068203,2899,115,0.5567597466528541,0.18278246356142083
691,40,M,3,Unknown,Married,Unknown,Blue,38,5,5,6,8849.990971283274,1055,7794.990971283274,0.0,4671,63,1.8182565838002396,0.34180960999614873
692,49,F,1,College,Married,$80K - $120K,Blue,33,2,1,4,14066.119335626394,866,13200.119335626394,0.0,4036,50,0.9477472434266845,0.08126267995514394
693,50,F,4,Unknown,Single,$80K - $120K,Blue,51,3,0,6,15784.586422390594,0,15784.586422390594,0.9456559118528475,4015,59,0.6892789825410393,0.19962103419631355
694,50,M,1,Uneducated,Married,Less than $40K,Blue,29,4,5,2,16084.390557250492,341,15743.390557250492,0.7846754204198128,3594,56,0.0,0.6303120569387146
695,55,F,0,High School,Married,$80K - $120K,Blue,43,2,1,5,11530.356914789252,1738,9792.356914789252,0.48829602079025203,2970,58,0.0,0.0
696,57,F,5,Graduate,Single,$120K +,Blue,39,4,0,2,3950.0717991565625,0,3950.0717991565625,0.0,5480,76,0.0,0.5411487066859184
697,59,M,1,Graduate,Single,$80K - $120K,Blue,32,4,2,4,1914.2510988615277,438,1476.2510988615277,0.0,3278,58,0.8762169938040836,0.10949449742127237
698,44,F,0,Graduate,Single,$80K - $120K,Blue,28,6,3,2,18314.93721304215,1180,17134.93721304215,0.0,6367,86,0.0,0.0927898137875744
699,49,M,0,Post-Graduate,Married,$60K - $80K,Blue,29,6,5,6,12444.81061378666,270,12174.81061378666,0.304337725707714,3855,85,0.0,0.0011540688852730852
700,39,F,5,Unknown,Married,Less than $40K,Blue,56,3,6,0,9897.430815383483,119,9778.430815383483,0.29102601653839266,3753,50,0.9085209982401172,0.8548048448933109
701,51,F,4,Uneducated,Married,Unknown,Blue,30,3,3,2,18218.582411347375,2517,15701.582411347375,0.0,6011,82,3.3538146855047932,0.0
702,54,F,1,Unknown,Married,$60K - $80K,Silver,27,6,6,2,23527.521708292097,187,23340.521708292097,1.7436242592629978,5010,65,0.011320470164718544,0.015996586580281455
703,50,F,1,High School,Married,Unknown,Blue,41,3,3,2,13525.327948853455,979,12546.327948853455,1.4584934388544408,1526,20,2.600900667734766,0.0
704,49,M,3,Graduate,Divorced,Less than $40K,Blue,33,2,5,4,5836.192586259322,0,5836.192586259322,0.8908789206542324,4998,79,0.28015069028731565,0.0
705,45,F,1,Graduate,Married,$80K - $120K,Blue,28,1,6,4,10361.940233679383,509,9852.940233679383,2.119789747973293,2016,27,2.639294233778765,0.0
706,53,F,0,Graduate,Divorced,Less than $40K,Blue,43,4,3,6,11226.688709052998,2046,9180.688709052998,0.03442424387765597,5099,80,0.0,0.5141716721149804
707,44,F,0,High School,Married,$60K - $80K,Blue,17,4,0,2,1438.3,0,1438.3,0.0,1596,30,2.259211761628972,0.26952781600381426
708,35,M,3,Unknown,Married,Less than $40K,Blue,39,4,4,6,27600.541544380118,1234,26366.541544380118,0.09096590883930789,3965,49,0.0,0.36049346004338245
709,54,F,3,Unknown,Unknown,$40K - $60K,Blue,35,3,4,4,11210.955683347876,539,10671.955683347876,0.32558164345334173,1965,43,0.0,0.0
710,47,F,1,Graduate,Single,$40K - $60K,Blue,24,3,5,3,8499.769843861333,714,7785.769843861333,1.1677844665968131,5630,61,0.0,0.07441424615760368
711,32,F,1,Post-Graduate,Unknown,$60K - $80K,Blue,36,1,5,2,1438.3,1507,3.0,0.5754208955759074,1618,35,0.11825387875770815,0.28203784052472514
712,28,F,2,Graduate,Single,Less than $40K,Silver,38,2,1,4,6309.141820367834,642,5667.141820367834,0.0,3206,39,1.6103956110820552,0.6557992403689367
713,37,F,4,High School,Single,$80K - $120K,Blue,35,4,2,3,27871.692110454853,2517,25354.692110454853,0.8844601590845764,3011,60,0.0,0.12382396948253527
714,42,F,2,High School,Married,$40K - $60K,Blue,45,5,3,4,26979.565628663444,883,26096.565628663444,0.7671405557256323,1770,36,0.462109710248724,0.3206517556317919
715,60,F,2,High School,Married,$120K +,Blue,46,5,3,1,17745.965264629685,441,17304.965264629685,1.3782461332592515,748,10,0.0,0.0
716,57,M,4,College,Unknown,$80K - $120K,Blue,35,6,3,3,18509.288171151202,357,18152.288171151202,2.0198017008579163,3606,88,0.0,0.11240468662272018
717,51,F,4,College,Married,$60K - $80K,Blue,29,5,0,6,1438.3,835,603.3,0.0,4259,55,0.669993987128435,0.0
718,46,M,5,Unknown,Married,$120K +,Blue,37,1,0,3,9964.271795596458,646,9318.271795596458,0.13630077019954956,1086,18,1.0669267084373193,0.0
719,43,F,3,Doctorate,Single,$120K +,Blue,49,4,1,4,8812.577474575684,722,8090.577474575684,0.9013120645244383,2745,50,1.7845412477630256,0.0
720,61,F,1,College,Divorced,$120K +,Blue,17,1,0,3,6611.486206378746,654,5957.486206378746,1.1652879545198978,5717,54,1.4814657572930694,0.2067244218514079
721,44,F,2,High School,Single,$60K - $80K,Blue,33,3,0,1,1438.3,0,1438.3,0.8809721165465346,4024,65,0.0,0.00864630906579858
722,31,M,1,Post-Graduate,Married,Less than $40K,Blue,36,6,3,2,1438.3,1683,3.0,0.0,4088,56,0.0,0.2674232455653975
723,41,F,1,College,Single,Unknown,Blue,40,2,2,2,25739.795915052706,0,25739.795915052706,0.0,4497,69,0.0,0.0
724,42,M,3,Post-Graduate,Married,Less than $40K,Blue,39,3,3,4,14383.13585751916,1081,13302.13585751916,1.4988275110474778,3285,50,0.32868708100370375,0.0
725,55,F,5,Graduate,Married,Less than $40K,Blue,46,1,3,2,1438.3,40,1398.3,0.0,3007,44,0.9929886366541485,0.18336472390345251
726,48,F,0,High School,Single,$80K - $120K,Blue,42,6,0,3,1438.3,13,1425.3,2.709760586823892,683,10,1.0470447699446235,0.01844660440619128
727,49,F,1,Graduate,Divorced,Less than $40K,Blue,35,3,3,4,12234.085405611946,0,12234.085405611946,0.5630393340551872,1087,15,0.0,0.0
728,44,F,3,Uneducated,Single,Less than $40K,Blue,49,3,1,5,4285.556805959379,108,4177.556805959379,0.0,2937,67,0.0,0.24933949386722604
729,37,M,4,Unknown,Married,Unknown,Blue,39,4,2,1,15501.280572796666,1592,13909.280572796666,0.5835317226997188,8538,80,0.42233734304697357,0.3781055936413857
730,50,F,3,Graduate,Single,Unknown,Blue,39,3,0,4,20678.53478798797,0,20678.53478798797,0.0,5327,68,0.0,0.5053269628400532
731,40,F,3,Uneducated,Married,Less than $40K,Blue,33,3,2,3,1438.3,0,1438.3,0.0,5972,85,0.0,0.0753709240897169
732,60,F,2,High School,Married,$40K - $60K,Blue,32,2,4,4,4819.251682608609,1236,3583.2516826086094,0.32004810209642187,4648,67,2.202454095801545,0.5441224614361692
733,49,M,4,Unknown,Married,Less than $40K,Blue,53,4,3,2,12269.955150134567,2000,10269.955150134567,1.498230439086913,3101,49,0.0,0.1237924209966977
734,51,F,2,Post-Graduate,Married,Less than $40K,Blue,36,4,5,6,1438.3,0,1438.3,1.6291381111151502,2909,37,0.8113036417668419,0.0
735,48,M,1,Uneducated,Married,Less than $40K,Blue,38,5,2,3,9929.041516739762,1509,8420.041516739762,0.0,2145,33,1.7746834292096043,0.6876413481713191
736,41,M,4,High School,Married,$80K - $120K,Blue,23,4,2,3,13465.474704082015,0,13465.474704082015,0.27709846382526915,3371,48,2.0192716836653313,0.9303114527712221
737,31,M,2,Unknown,Married,Less than $40K,Blue,41,4,2,0,3656.1330588145365,0,3656.1330588145365,2.832749742479006,5221,60,0.030487616049073907,0.0
738,33,M,3,Doctorate,Married,$40K - $60K,Blue,34,3,4,0,10868.508470779394,524,10344.508470779394,0.6990458584284348,2555,42,1.5910996082942614,0.14887256485177494
739,62,F,5,Unknown,Single,Less than $40K,Blue,45,4,0,6,1438.3,2207,3.0,0.5616035061781552,2640,60,2.9881420279609285,0.0
740,50,F,1,Post-Graduate,Single,$40K - $60K,Silver,37,5,0,2,8812.956892306205,0,8812.956892306205,0.1581496773258485,2192,53,1.3053004386031013,0.12191135203860709
741,44,F,0,Graduate,Single,$40K - $60K,Blue,22,3,2,1,3475.221701039757,2240,1235.2217010397571,2.569493374583111,557,10,1.4732580011246266,0.26472981588176525
742,55,F,0,College,Married,Less than $40K,Blue,46,1,5,2,9931.432762243556,730,9201.432762243556,0.6799527690122593,753,17,0.0,0.015347060929628648
743,48,F,1,High School,Single,$40K - $60K,Blue,28,5,3,4,6101.824537559112,695,5406.824537559112,0.23574017976946138,3926,62,0.14798996998081343,0.0
744,34,F,4,Unknown,Single,$80K - $120K,Blue,13,2,1,2,7957.201847333628,1153,6804.201847333628,0.17932502125910144,6499,100,0.0,0.0
745,51,F,2,Graduate,Unknown,$40K - $60K,Blue,46,4,3,3,11422.717356628285,1253,10169.717356628285,0.0,5525,70,1.2911415021989137,0.0
746,47,M,3,Graduate,Unknown,Less than $40K,Blue,33,1,5,4,17926.10075026455,521,17405.10075026455,0.7079885611496036,4399,64,0.0,0.3020739355640657
747,48,F,1,Graduate,Married,$80K - $120K,Blue,32,3,1,2,21034.47768490717,1430,19604.47768490717,1.7004887200373766,2719,41,0.8637750406353102,0.5497348773037483
748,50,F,3,Graduate,Divorced,Less than $40K,Gold,31,1,3,3,1438.3,2024,3.0,0.2933117511623857,3461,59,1.605060100436356,0.0
749,55,F,5,High School,Unknown,$40K - $60K,Blue,35,5,0,1,10405.33541748889,1926,8479.33541748889,0.509638149691514,3195,44,0.12387296063252934,0.09773150560923274
750,33,F,5,Graduate,Married,$60K - $80K,Blue,22,4,3,4,8737.64362286045,556,8181.643622860451,1.3600769150545937,4255,52,0.0,0.06580132788601348
751,52,M,3,Uneducated,Married,Less than $40K,Silver,18,2,1,4,4463.293486003326,1595,2868.2934860033256,0.6588093970903537,2640,64,1.3683807702988866,0.02407840959719354
752,53,F,5,Post-Graduate,Single,$40K - $60K,Blue,27,3,0,1,1438.3,628,810.3,0.6160072054704437,2347,44,2.6079287425074957,0.10517094825900031
753,50,F,1,High School,Single,$80K - $120K,Blue,27,3,3,4,9817.047243848123,1806,8011.047243848123,0.0,653,10,0.7691799327961051,0.0
754,54,M,2,Uneducated,Unknown,Less than $40K,Gold,40,5,2,0,1438.3,912,526.3,2.070623668605874,1427,16,0.0,0.0
755,58,M,2,Uneducated,Married,$40K - $60K,Blue,31,4,0,0,1438.3,2421,3.0,0.0,2867,53,0.0,0.0
756,46,M,2,Post-Graduate,Single,Unknown,Blue,42,2,2,6,23776.95654924286,1797,21979.95654924286,0.20989148129674884,4485,92,1.2618769562412346,0.0
757,58,M,3,Graduate,Married,Unknown,Blue,14,3,1,4,10811.18996215933,975,9836.18996215933,0.0,6531,74,0.0,0.21959409625583134
758,48,F,4,Graduate,Single,$80K - $120K,Blue,54,3,3,4,21268.426605722165,493,20775.426605722165,0.0,788,10,1.441299437851498,0.0
759,43,M,3,Graduate,Single,$80K - $120K,Blue,48,2,2,0,1438.3,2127,3.0,0.9287823483710222,2990,61,0.0,0.27055413169560627
760,34,F,2,Graduate,Single,$60K - $80K,Blue,40,6,3,6,15125.570484050084,1128,13997.570484050084,1.2847492540518373,5422,86,0.4084560326877543,0.0
761,40,M,0,Post-Graduate,Married,Less than $40K,Blue,33,3,0,4,17947.529483915983,161,17786.529483915983,2.9481860574244996,2202,35,0.11306830449247446,0.0
762,50,M,5,Graduate,Married,$80K - $120K,Blue,40,2,5,2,1438.3,678,760.3,0.0,6511,75,0.7227136541968671,0.0
763,44,F,4,Graduate,Married,Less than $40K,Blue,24,4,3,4,2348.0313623221,1099,1249.0313623221,0.3133150484759282,10549,125,0.18139953582812862,0.6971490631753298
764,32,F,3,High School,Married,Less than $40K,Blue,39,3,1,2,1438.3,617,821.3,1.0708326699454238,3485,50,0.9268533674414922,0.20500436955276813
765,30,F,3,High School,Married,$60K - $80K,Blue,13,6,1,1,17140.12598983045,296,16844.12598983045,1.348559962499675,10350,115,2.5757232518843676,0.10948271144590117
766,49,M,0,Unknown,Married,Less than $40K,Blue,39,4,1,4,2136.270161422908,0,2136.270161422908,1.1826472593715414,5661,66,0.0,0.5284389328110225
767,45,M,4,Uneducated,Single,$60K - $80K,Blue,31,4,3,4,8127.359794656755,0,8127.359794656755,0.0,5841,82,0.5773580587113524,0.28608793050335357
768,56,F,3,Post-Graduate,Single,$80K - $120K,Silver,27,3,6,6,19772.136358101932,2074,17698.136358101932,0.0,4629,98,0.0,0.0
769,58,M,2,College,Unknown,Less than $40K,Blue,25,5,6,5,1438.3,290,1148.3,0.0,3477,53,0.0,0.07290231796316267
770,34,M,2,Graduate,Single,Less than $40K,Blue,42,4,2,0,7260.016588555856,48,7212.016588555856,1.8322170785721994,755,10,0.9522704409353466,0.0
771,47,M,4,Uneducated,Single,$80K - $120K,Blue,25,4,0,4,13769.300055145728,77,13692.300055145728,0.0,5255,70,1.2363135750423235,0.693493518764051
772,60,F,3,Graduate,Single,$60K - $80K,Silver,34,3,3,2,4756.983868215184,1185,3571.983868215184,0.17353266563682868,836,10,0.42798858263077466,0.2381091479235575
773,48,M,5,Graduate,Divorced,$60K - $80K,Blue,33,3,3,6,1438.3,2517,3.0,0.0,3294,63,1.4842139203725488,0.23919260413438712
774,40,M,2,High School,Married,Less than $40K,Blue,25,4,0,3,1438.3,492,946.3,0.14187284338131523,2240,75,0.0,0.0
775,44,M,4,Post-Graduate,Single,$60K - $80K,Blue,38,4,4,0,10104.41193634337,412,9692.41193634337,0.3359914459113333,2265,42,0.0,0.28024428091128
776,50,F,5,Unknown,Married,Less than $40K,Blue,47,3,0,3,1438.3,2106,3.0,0.0,1144,19,0.0,0.4178802746856885
777,51,M,1,Graduate,Single,Less than $40K,Silver,36,3,6,4,1438.3,792,646.3,2.096696483436192,4576,57,0.0,0.7394740831317759
778,58,M,5,Graduate,Divorced,Less than $40K,Silver,41,2,2,0,4520.209611958753,1945,2575.209611958753,2.5233668642045783,1352,24,0.0,0.04879704289611711
779,45,F,4,Uneducated,Married,Less than $40K,Blue,42,5,2,0,1438.3,118,1320.3,1.4276009351625296,2583,54,0.2645506989747547,0.0
780,36,M,2,Graduate,Single,$40K - $60K,Blue,48,5,1,3,1438.3,0,1438.3,2.2686601178865264,3423,57,0.0,0.6905584833101589
781,41,F,4,Graduate,Married,$120K +,Blue,27,1,6,3,1438.3,1011,427.29999999999995,0.0,3196,53,2.7300547104066117,0.42947905576935264
782,46,M,1,College,Single,$80K - $120K,Blue,47,3,3,2,6717.92190018216,1306,5411.92190018216,1.9166939349098095,2911,56,1.6497527096745177,0.3421235267357987
783,55,M,2,College,Single,Unknown,Blue,46,3,0,4,4906.919214727532,2052,2854.9192147275317,1.275794257195994,2305,43,0.38049164738394636,0.1600171346509539
784,47,M,1,Unknown,Married,Less than $40K,Blue,31,4,3,5,1438.3,569,869.3,0.3499330130957004,2944,41,0.8895132249088127,0.9634193529433485
785,40,M,2,College,Single,$40K - $60K,Blue,52,1,6,6,7992.006552244205,971,7021.006552244205,1.7896121908095695,5404,90,1.2406219668259606,0.5499552400183452
786,53,F,4,College,Single,Unknown,Blue,45,3,3,2,18111.26321309069,523,17588.26321309069,2.0372897139544763,3431,63,0.8589000481460518,0.11572205914547945
787,58,M,4,Unknown,Married,Less than $40K,Blue,53,3,2,4,1438.3,1329,109.29999999999995,0.7338631989752913,960,26,1.7433152755639392,0.0
788,51,F,5,Graduate,Single,Unknown,Blue,27,3,0,4,12540.340557074102,0,12540.340557074102,0.0,7212,115,0.2723173106227077,0.0
789,42,F,3,Graduate,Single,$120K +,Blue,50,5,1,3,6993.952201694405,467,6526.952201694405,2.0767474254159386,5325,84,0.0,0.5612167219614232
790,44,M,1,Graduate,Married,$60K - $80K,Blue,56,4,3,5,9698.066171370447,0,9698.066171370447,0.0,2359,44,0.0,0.0
791,52,F,2,Unknown,Single,Less than $40K,Blue,32,6,2,3,2891.9904733913236,2177,714.9904733913236,0.06374910193786865,4328,71,0.0,0.0
792,33,M,3,High School,Single,$60K - $80K,Blue,43,3,1,1,1874.1545064587453,105,1769.1545064587453,0.0,3755,64,1.3650707882528188,0.7586740260611565
793,37,M,1,High School,Married,Unknown,Blue,36,3,3,5,4133.123554872533,1132,3001.1235548725326,0.0,5783,74,2.5693994617405647,0.5645447840833502
794,49,F,0,High School,Unknown,Less than $40K,Blue,31,6,0,3,6327.089482262416,997,5330.089482262416,0.0,1001,17,0.2556046384292531,0.4189990435097375
795,45,M,2,Unknown,Divorced,$80K - $120K,Silver,41,3,4,4,12836.09675046212,387,12449.09675046212,1.799828078201269,3580,49,0.367023832352957,0.0
796,43,M,0,Uneducated,Single,$80K - $120K,Blue,36,2,0,3,12891.13356218299,1864,11027.13356218299,1.2964390418915217,3720,60,0.3138898769304087,0.09590110512950203
797,44,F,4,Graduate,Married,$120K +,Blue,16,2,0,6,6571.656641451098,2254,4317.656641451098,1.186167567276907,4135,89,1.5600962789240977,0.07361675481256771
798,38,F,0,High School,Single,Less than $40K,Blue,36,4,2,4,18741.487928106413,1154,17587.487928106413,0.3050683869114269,1446,40,0.0,0.0
799,51,F,1,High School,Married,Less than $40K,Blue,23,2,1,5,7303.894138837294,539,6764.894138837294,0.0,6302,87,3.65365365549822,0.26920489614432347
800,55,F,2,College,Married,$80K - $120K,Blue,41,3,6,0,1438.3,2517,3.0,0.0,1980,41,1.116469344346708,0.0
801,45,F,5,Doctorate,Married,Less than $40K,Blue,24,3,1,4,1438.3,0,1438.3,0.9241570028616409,2348,33,0.8997452225486111,0.0
802,47,M,2,Graduate,Unknown,$120K +,Gold,22,3,0,4,4471.136666067814,724,3747.136666067814,0.0,3859,50,1.4569264320869464,0.07052929782991478
803,37,M,4,Uneducated,Single,Less than $40K,Blue,51,1,5,5,23173.827863521943,2517,20656.827863521943,0.0,7722,94,1.6225836784698502,0.7725535405810138
804,39,F,4,Graduate,Married,$60K - $80K,Blue,34,4,5,2,6030.734528057859,0,6030.734528057859,0.02008347447084169,2408,26,0.0,0.0
805,58,M,4,High School,Unknown,Unknown,Blue,36,5,2,1,2297.4392640658634,56,2241.4392640658634,1.234935968272516,5261,71,2.2242566500101253,0.0
806,47,F,2,Unknown,Single,Less than $40K,Blue,37,2,1,5,6226.457838707196,241,5985.457838707196,0.7868963571949201,3345,53,2.212142989338336,0.6255494222534311
807,58,F,0,Uneducated,Married,$60K - $80K,Blue,29,4,2,2,1438.3,0,1438.3,0.03364507191464694,8352,93,1.2753494179817269,0.24826026443139682
808,48,M,3,Graduate,Single,$80K - $120K,Blue,22,5,2,5,1438.3,282,1156.3,0.0,3631,58,2.8332783982515326,0.21533925042330598
809,45,M,5,High School,Single,Less than $40K,Blue,45,2,4,5,16611.57613276069,0,16611.57613276069,1.9442984012598297,1239,20,0.7519220255724838,0.6369303804124349
810,64,M,2,Unknown,Single,$60K - $80K,Blue,18,6,2,2,20341.739186086445,522,19819.739186086445,1.1941852791282352,510,12,1.0001128584445975,0.0
811,35,M,4,Unknown,Single,$60K - $80K,Blue,31,6,5,6,10457.918553575719,2007,8450.918553575719,0.0,510,10,0.0,0.13874114828796005
812,53,M,3,High School,Single,Less than $40K,Blue,25,2,3,4,9024.4908950794,1454,7570.4908950794,2.0083672753707114,3490,57,0.0,0.5511801927180147
813,49,F,2,Graduate,Single,$40K - $60K,Blue,15,3,2,2,12744.392421236695,5,12739.392421236695,0.24165013932537693,7071,91,0.0,0.13990613025405932
814,52,F,0,Post-Graduate,Married,Less than $40K,Blue,25,4,2,4,1438.3,1420,18.299999999999955,0.6576245756036005,4245,79,0.2640219883541684,0.7040505658923634
815,42,F,1,Uneducated,Married,$60K - $80K,Blue,31,2,0,2,5511.937376556645,738,4773.937376556645,0.7716025269610902,3690,44,3.2848353243998147,0.0
816,42,M,0,College,Single,$80K - $120K,Blue,28,4,1,6,21640.14492377035,902,20738.14492377035,2.9708011813436244,5142,65,0.13647613958196303,0.0
817,57,M,3,Uneducated,Single,$80K - $120K,Blue,34,2,1,0,1438.3,683,755.3,0.0,2509,55,0.048429596617658,0.5490351873854893
818,38,F,3,High School,Divorced,Less than $40K,Silver,23,4,0,4,11074.419727211936,795,10279.419727211936,1.4035272620995736,4490,88,0.0,0.10973832055592349
819,49,M,0,Graduate,Single,Less than $40K,Blue,48,4,2,2,8738.045983822809,0,8738.045983822809,0.4340339868587791,6133,83,1.1671526700778936,0.38659589239399694
820,60,F,3,Uneducated,Single,$40K - $60K,Blue,18,3,2,2,1438.3,569,869.3,1.145927249837045,829,10,0.0,0.6206590257863975
821,46,M,5,Doctorate,Single,$60K - $80K,Blue,28,6,3,2,7209.398006751687,0,7209.398006751687,1.7915689495112475,3850,54,0.0,0.49563639259670356
822,43,F,2,Unknown,Married,$40K - $60K,Blue,42,3,1,6,9020.409255732844,792,8228.409255732844,0.5549147370568862,3710,45,0.7213203851075659,0.04678060640698273
823,48,M,4,College,Married,Unknown,Blue,40,2,4,3,4706.447928822521,0,4706.447928822521,0.5878963173955303,1643,21,0.0,0.0
824,43,M,3,Unknown,Divorced,Less than $40K,Blue,21,1,5,3,18132.735307471423,2371,15761.735307471423,0.9193641234353921,1509,22,0.8524023713659844,0.2567103088666373
825,52,M,0,Graduate,Single,Less than $40K,Blue,56,2,4,3,2763.0874591226448,2517,246.08745912264476,1.4509113381266634,2932,49,2.2033628767530566,0.4183571961903153
826,51,M,2,College,Single,Less than $40K,Blue,24,2,2,5,3456.749878093543,1148,2308.749878093543,1.9704361671599921,3169,53,1.1744962895591857,0.0
827,50,F,4,Unknown,Married,Less than $40K,Blue,38,4,1,3,9998.220123102217,0,9998.220123102217,0.5243822640943238,3493,59,1.8094518796912666,0.6509592513131712
828,38,M,1,Doctorate,Single,$80K - $120K,Blue,54,2,1,5,26111.155353430924,573,25538.155353430924,0.221843205984872,3046,77,0.0,0.4368880244479726
829,44,M,0,College,Single,Less than $40K,Blue,33,4,3,4,14617.766700954558,663,13954.766700954558,1.45357584381319,3182,57,0.0,0.17741378797135007
830,48,M,3,Graduate,Single,Less than $40K,Silver,33,1,0,5,1438.3,2077,3.0,2.1123102995573415,3432,54,1.9518382738455808,0.0
831,54,M,2,Uneducated,Married,$80K - $120K,Blue,36,3,6,1,15692.804922331394,556,15136.804922331394,1.2479284528699368,4072,54,0.0,0.18615595108998997
832,36,M,4,Unknown,Married,Less than $40K,Blue,51,3,0,1,12190.229372345377,349,11841.229372345377,0.1725017045085302,5788,83,1.9681318221958044,0.1742956634737009
833,46,F,4,Unknown,Divorced,$40K - $60K,Blue,41,4,6,1,10729.24656984653,2368,8361.24656984653,0.0,2107,29,0.23159997386976505,0.183914539540156
834,42,M,0,Graduate,Married,Unknown,Blue,46,3,2,5,5337.138078872493,170,5167.138078872493,0.0,6066,86,0.8592145872181638,0.0
835,50,F,0,Graduate,Single,Less than $40K,Blue,21,5,2,1,11484.882022770453,0,11484.882022770453,0.5514673759430943,5391,67,0.0,0.0
836,51,F,1,Graduate,Married,$60K - $80K,Gold,54,5,3,1,1485.473480638444,782,703.473480638444,0.39657838250415356,1990,28,1.8069481973277144,0.0
837,44,F,3,Graduate,Single,Less than $40K,Blue,42,5,2,6,1438.3,0,1438.3,0.9877563936565219,4649,84,0.0,0.0
838,48,M,0,Graduate,Married,$40K - $60K,Blue,35,3,4,1,14170.481661975624,345,13825.481661975624,0.21989994710705763,4174,53,1.1012577902015728,0.8249429806900578
839,35,M,5,Uneducated,Married,Less than $40K,Blue,34,4,1,3,9629.419182698777,386,9243.419182698777,0.0,6049,78,0.0,0.5627730448739213
840,50,F,0,College,Married,$80K - $120K,Blue,41,3,0,0,18089.214438324627,0,18089.214438324627,1.6820860608140333,597,10,2.268200218820877,0.102248855744603
841,45,F,2,Post-Graduate,Single,$40K - $60K,Blue,29,4,3,4,16184.57256594533,1226,14958.57256594533,2.2677894901447853,608,10,0.0,0.0
842,54,F,0,High School,Divorced,Less than $40K,Blue,50,3,6,2,9251.291892415828,0,9251.291892415828,2.0794560049891304,3733,74,1.480917704248499,0.22089936943111071
843,39,F,5,Unknown,Single,$80K - $120K,Blue,35,3,2,1,1438.3,298,1140.3,2.7999656295283994,3730,64,0.10998766411205396,0.0
844,40,F,4,High School,Married,Less than $40K,Blue,33,3,1,4,13051.388007866228,0,13051.388007866228,0.0,1604,21,0.21418467264047364,0.07213031654792029
845,34,M,4,College,Married,Less than $40K,Blue,33,5,1,2,4205.472832553801,2256,1949.4728325538008,0.5385731112910682,790,25,0.0,0.44118153226642337
846,44,F,0,Graduate,Married,$40K - $60K,Blue,36,5,0,1,7783.61666802199,1123,6660.61666802199,1.9709119582996406,7250,116,1.078179337170944,0.12939225415818742
847,44,M,1,Graduate,Married,$40K - $60K,Blue,39,6,3,1,33932.412104148796,2149,31783.412104148796,0.0,3743,47,0.791038441114544,0.0
848,39,M,4,Graduate,Single,$40K - $60K,Blue,39,5,3,4,10330.393976802576,0,10330.393976802576,2.0480748027243356,3675,61,0.0,0.23239060256060506
849,47,M,5,Graduate,Married,$80K - $120K,Blue,25,1,3,0,7474.529303107434,73,7401.529303107434,0.0,6212,73,0.0,0.1747779538354554
850,36,F,2,Unknown,Married,$40K - $60K,Blue,38,5,5,3,18749.48967353779,736,18013.48967353779,0.16902057306909313,4062,60,0.0,0.022706290231413906
851,50,M,3,Uneducated,Single,$40K - $60K,Blue,48,3,0,0,1438.3,298,1140.3,0.010035459066523589,4704,59,0.9339486443408908,0.0
852,53,F,5,Graduate,Single,Less than $40K,Blue,32,4,0,4,2145.2223391600173,344,1801.2223391600173,0.18401313122479535,551,10,0.6097969732849331,0.03174895578881288
853,45,M,4,Graduate,Single,$40K - $60K,Blue,28,6,0,1,9383.488083432294,804,8579.488083432294,0.0,3411,61,0.5083636786735073,0.0
854,47,M,0,Uneducated,Married,$80K - $120K,Blue,23,2,2,2,9904.44883290455,2064,7840.448832904551,0.9912538416739332,1921,33,1.9166840560457015,0.0
855,32,F,2,Doctorate,Married,$40K - $60K,Blue,43,6,3,2,4576.700493133743,0,4576.700493133743,1.4212396367192959,767,10,0.657255826190732,0.236715144322533
856,60,M,1,Uneducated,Married,$80K - $120K,Blue,44,3,4,6,9871.649482348093,508,9363.649482348093,0.8113861271825362,598,10,0.0,0.3290082436311814
857,39,M,2,Post-Graduate,Married,$40K - $60K,Blue,45,5,4,3,34061.22722895302,1908,32153.227228953023,0.47978021709187857,5938,71,0.44569702807042344,0.2625257979483353
858,42,F,2,High School,Unknown,$120K +,Blue,26,3,0,3,8128.191184665481,1127,7001.191184665481,0.0,2147,30,2.269374216683086,0.09002945640331192
859,44,F,0,Unknown,Married,Less than $40K,Blue,27,1,4,3,18213.400506214348,276,17937.400506214348,1.5095974753801142,1761,26,0.604405098480561,0.13821312123770918
860,36,M,1,Graduate,Married,$40K - $60K,Blue,43,4,3,2,14646.249656344651,743,13903.249656344651,0.0,7694,80,0.7857874142011366,0.6803410830449373
861,54,M,2,Graduate,Married,$80K - $120K,Blue,56,4,4,0,4828.114901515177,0,4828.114901515177,0.698231340360164,2314,44,1.751935861435287,0.0
862,49,F,4,Graduate,Married,$40K - $60K,Blue,45,5,2,5,16335.477836468133,1701,14634.477836468133,1.7261186494153666,3743,43,0.0,0.4248987017841672
863,35,F,3,Graduate,Single,$80K - $120K,Blue,30,4,0,6,23572.934284429357,0,23572.934284429357,0.19758855535506453,997,29,0.3455799869106273,0.5599156620568704
864,41,M,3,Unknown,Married,Unknown,Blue,47,6,2,6,5597.083455646695,760,4837.083455646695,1.3772644597058485,4598,79,0.4459856985784204,0.469330201770656
865,39,M,5,High School,Married,$80K - $120K,Blue,31,4,0,2,1438.3,1269,169.29999999999995,0.0,3321,53,0.0,0.0
866,43,M,1,College,Married,Less than $40K,Blue,40,3,0,4,4976.9143954057645,2159,2817.9143954057645,0.0,5792,75,0.12963606494288488,0.025747746115286352
867,49,M,5,Graduate,Single,$60K - $80K,Blue,43,4,2,2,1438.3,0,1438.3,2.5371069815797016,6798,76,0.18651573895006057,0.28620110659317766
868,36,M,4,Graduate,Single,$80K - $120K,Blue,48,4,2,0,13519.134244620986,369,13150.134244620986,1.2936584469598922,6317,79,2.476315282667455,0.0
869,55,M,0,Graduate,Married,Less than $40K,Blue,28,4,3,4,1438.3,0,1438.3,1.0017102858038325,5888,70,1.132530279273479,0.0892525635753199
870,48,M,3,Unknown,Single,$60K - $80K,Blue,43,3,6,4,1438.3,882,556.3,1.118838519648597,2157,28,0.735227330814827,0.0
871,50,F,3,High School,Married,$40K - $60K,Blue,48,6,4,6,14621.511823417317,0,14621.511823417317,0.5778042975255014,688,10,0.6053966466112692,0.25156312609272946
872,43,M,3,Graduate,Married,Less than $40K,Blue,34,4,2,3,3833.558391695994,950,2883.558391695994,0.0,3608,76,0.0,0.9116480878919315
873,57,M,0,Graduate,Married,$80K - $120K,Blue,29,2,0,3,8379.599966780988,0,8379.599966780988,0.7385807469364097,6188,86,1.1235732516831631,0.015432452821518977
874,58,M,0,Uneducated,Single,$40K - $60K,Blue,42,4,3,1,3035.567318230622,0,3035.567318230622,1.1918906633545627,3160,60,0.2321737749020198,0.0
875,30,F,2,Unknown,Single,$40K - $60K,Blue,36,4,6,3,29206.222828431815,0,29206.222828431815,1.246659028406541,3053,54,0.0,0.32505529768173946
876,42,M,3,Unknown,Single,$120K +,Blue,39,4,4,2,3705.080092419833,728,2977.080092419833,0.14097156672621092,2624,35,0.9176775721415665,0.11549740538872105
877,45,F,5,College,Unknown,$40K - $60K,Blue,31,2,6,6,9633.91943445359,710,8923.91943445359,0.16504907765983867,3885,87,0.0,0.0
878,49,M,3,Graduate,Married,$120K +,Blue,25,4,0,0,13901.483216907622,990,12911.483216907622,1.134919373328867,8797,101,0.0,0.7483638970019557
879,45,F,1,Unknown,Single,$120K +,Silver,32,4,3,1,5021.881475377551,425,4596.881475377551,0.0,4425,62,1.3337326761008779,0.0
880,38,F,2,College,Single,$120K +,Blue,37,3,4,5,12928.191782775139,1562,11366.191782775139,0.0,6353,89,2.475966828402814,0.06461459874770677
881,64,M,5,High School,Married,$40K - $60K,Blue,38,3,6,4,11407.840129714434,1160,10247.840129714434,1.4095837170653582,510,10,2.111112664287454,0.09490111207682489
882,38,F,3,Unknown,Married,Less than $40K,Blue,46,4,4,0,14120.493485173596,0,14120.493485173596,0.7748466846761062,3723,53,0.0,0.0
883,51,F,1,Graduate,Single,Unknown,Blue,28,3,6,1,19828.182079747297,2517,17311.182079747297,0.27407828453527455,3622,51,1.685255418689093,0.3639999656487692
884,42,F,1,Uneducated,Married,Less than $40K,Blue,29,2,3,0,7346.2473634094395,705,6641.2473634094395,0.535886298667325,1670,34,0.6220956171484255,0.2620843192029899
885,48,F,2,Graduate,Single,Unknown,Blue,33,1,2,4,26266.117468254048,0,26266.117468254048,1.986964115927932,1863,33,1.754958993790075,0.21477187268201897
886,40,M,3,Graduate,Unknown,Less than $40K,Blue,22,5,4,6,1489.9867052622376,0,1489.9867052622376,0.0,4488,107,0.0,0.0114183699673788
887,51,F,2,Unknown,Single,Less than $40K,Blue,36,2,6,1,6227.971494069514,1574,4653.971494069514,2.240307105324703,6510,75,0.319263105944777,0.22417317137782902
888,52,M,3,Unknown,Single,Less than $40K,Blue,41,5,0,3,6716.178256749846,0,6716.178256749846,1.6247113532404152,1115,38,0.0,0.18823682618814558
889,42,M,4,Graduate,Single,$80K - $120K,Blue,48,4,0,4,8852.835250743563,844,8008.835250743563,2.9206083849428195,5844,67,0.5579120330601351,0.7957816894074349
890,33,M,2,Uneducated,Married,$60K - $80K,Blue,37,5,4,1,17126.68029404708,1253,15873.68029404708,0.8841509558631817,1053,18,0.0,0.0
891,32,F,2,Doctorate,Single,Unknown,Blue,41,5,4,2,17039.82418942736,841,16198.82418942736,0.29779085641740083,7651,110,0.0,0.49322587898289855
892,44,M,2,Unknown,Single,$60K - $80K,Blue,51,4,2,4,1438.3,593,845.3,1.6972097909606143,4218,50,0.21865575117463382,0.3522293879807438
893,41,M,4,Post-Graduate,Married,Less than $40K,Blue,36,4,5,3,1438.3,250,1188.3,0.3960880641941599,5097,79,1.3445483709169945,0.045295609531501774
894,42,F,3,Uneducated,Married,$40K - $60K,Blue,31,4,6,5,1438.3,0,1438.3,0.6393573595011703,6559,85,1.260885278714483,0.0
895,46,F,3,High School,Single,Less than $40K,Blue,23,2,6,4,24955.27761651122,381,24574.27761651122,0.5960431295720933,9003,100,0.45581350763534745,0.7317019058369886
896,42,F,0,Graduate,Married,$40K - $60K,Blue,31,4,3,0,15143.70387522737,1716,13427.70387522737,0.27425096152407785,2639,54,0.0,0.3266069640521692
897,59,M,2,Graduate,Single,$40K - $60K,Blue,40,4,1,0,3056.174578116036,261,2795.174578116036,0.0,2802,53,0.7889610941104684,0.42315669031415365
898,33,M,4,High School,Married,Less than $40K,Blue,31,6,1,1,13301.80216877224,0,13301.80216877224,1.3168658581090167,909,10,0.5514819751388236,0.3630477875639274
899,51,F,3,High School,Married,$80K - $120K,Blue,34,2,1,0,3521.7774719493127,1263,2258.7774719493127,1.1711830529700853,510,10,1.3145668828121564,0.0
900,50,F,3,College,Single,Less than $40K,Blue,32,5,6,3,17754.75740897879,1632,16122.757408978789,0.2901099445231125,4954,71,1.712253205711021,0.175698985755236
901,47,F,1,Unknown,Married,$80K - $120K,Blue,39,3,3,6,9903.256309238466,760,9143.256309238466,0.0,6263,85,0.0,0.16924309052983508
902,46,M,0,Graduate,Married,$120K +,Blue,26,4,3,0,11400.796563255124,0,11400.796563255124,0.9157983414158601,1868,32,0.11877150058679842,0.254927685990263
903,46,M,2,Graduate,Single,$40K - $60K,Blue,44,6,3,0,8202.133354362584,31,8171.133354362584,0.8170250710269717,6881,109,0.7375899994364166,0.0
904,35,F,4,Unknown,Single,$40K - $60K,Blue,37,4,3,4,1438.3,0,1438.3,0.0,1100,24,1.0891272861709602,0.1479569132657741
905,36,F,4,High School,Married,Less than $40K,Blue,31,6,1,1,5126.9714300805,784,4342.9714300805,0.6150508584004402,5721,105,0.0,0.36889604266966536
906,37,M,4,Graduate,Married,$40K - $60K,Blue,21,2,2,6,3277.832166784442,925,2352.832166784442,1.24486623430696,8800,97,0.0,0.48216733951660123
907,56,M,3,Unknown,Single,$80K - $120K,Blue,24,4,2,0,8234.81659895665,812,7422.81659895665,0.35227285524071983,1005,16,0.4636556473375141,0.0
908,47,M,2,Graduate,Single,Unknown,Blue,37,1,1,5,1438.3,0,1438.3,3.397,2817,72,0.0,0.017973284950020357
909,68,F,5,Uneducated,Married,$80K - $120K,Silver,46,4,5,6,12988.000881166385,1487,11501.000881166385,0.9617666075869958,4464,65,0.022815425087444274,0.0
910,40,M,3,Uneducated,Divorced,$80K - $120K,Blue,17,3,2,3,13299.257552907951,0,13299.257552907951,0.7995945204846864,1658,21,0.38351993822749214,0.4979597594248582
911,34,F,3,Graduate,Single,Less than $40K,Blue,31,4,3,6,1438.3,728,710.3,0.0,4366,83,1.1055329551803723,0.0
912,50,F,5,Graduate,Unknown,$120K +,Blue,42,4,5,5,1438.3,0,1438.3,0.0,735,11,0.0,0.0
913,46,F,4,High School,Single,Less than $40K,Blue,27,2,3,3,7807.907675407897,1617,6190.907675407897,1.610462946497649,4929,61,0.0,0.0
914,43,M,1,Doctorate,Single,Less than $40K,Blue,48,1,2,4,18294.635599309073,0,18294.635599309073,0.0,1169,19,0.5435394498752182,0.0
915,42,F,2,High School,Married,Less than $40K,Blue,33,4,3,4,7426.999108039658,0,7426.999108039658,1.1585133189821848,8366,93,1.4568058200910907,0.16552308970135282
916,55,M,1,Graduate,Single,Unknown,Blue,24,5,3,6,11525.086606632138,0,11525.086606632138,0.3699469445651634,1129,13,1.0728590609243192,0.0
917,44,M,1,High School,Married,Unknown,Blue,40,3,4,1,3152.7678715261736,0,3152.7678715261736,1.0723225372583682,6384,80,0.0,0.39346796588811184
918,44,M,5,Post-Graduate,Single,Unknown,Gold,31,2,0,3,26935.76439779308,1405,25530.76439779308,1.186081469244324,2119,26,0.0,0.0
919,61,M,4,Graduate,Unknown,Less than $40K,Blue,38,2,1,1,6679.367631244489,0,6679.367631244489,0.8746582971871778,2125,33,1.305276549720495,0.0
920,47,F,3,Graduate,Single,$120K +,Blue,42,5,6,6,1655.1582024470927,1194,461.15820244709266,0.0,4004,56,2.7375743486191815,0.5555097873971419
921,33,M,4,Graduate,Married,$60K - $80K,Blue,50,4,1,4,9789.177857934796,288,9501.177857934796,0.929079252779383,2524,55,0.0,0.0
922,41,M,3,Graduate,Divorced,Less than $40K,Blue,47,3,6,5,16893.405515406732,311,16582.405515406732,1.1178798682209234,3014,51,0.0,0.8687079979243036
923,46,F,1,Graduate,Single,Less than $40K,Blue,22,3,1,2,6813.215623193873,2092,4721.215623193873,0.0,6038,75,3.714,0.999
924,42,F,1,High School,Married,Less than $40K,Silver,51,3,0,2,1438.3,0,1438.3,0.7691525956188999,1706,23,0.9013238966611782,0.42062383973002204
925,41,F,0,Graduate,Married,Less than $40K,Blue,32,6,0,1,17620.376687149885,2457,15163.376687149885,1.4128492312528889,5060,86,1.87691712439438,0.03469693244684602
926,48,M,2,Graduate,Divorced,Less than $40K,Blue,29,5,2,2,18478.78339025179,1176,17302.78339025179,0.0,3438,42,0.7929929052116194,0.1797543097681946
927,59,F,2,High School,Single,Less than $40K,Blue,34,3,1,4,8885.36157851749,0,8885.36157851749,0.0,1915,39,0.16907211395116667,0.1684057822027336
928,49,F,5,Graduate,Unknown,Unknown,Blue,55,4,2,5,9886.810839691288,0,9886.810839691288,0.6198743971210046,4131,79,1.9581574992035895,0.0
929,49,F,4,Unknown,Single,Less than $40K,Blue,41,4,5,1,19590.09541979436,90,19500.09541979436,1.3358199887351954,692,12,3.390154066655972,0.7960331098980765
930,46,F,4,Graduate,Married,Less than $40K,Blue,36,3,3,3,15182.488555898377,52,15130.488555898377,0.33149351146193273,2004,60,1.2845419522725847,0.6290684292726133
931,49,M,5,Graduate,Single,Less than $40K,Blue,38,4,3,6,1438.3,0,1438.3,1.3513194523895706,3201,82,0.0,0.0
932,44,F,0,High School,Single,$80K - $120K,Silver,23,5,6,3,1438.3,2320,3.0,1.4646041591380805,5618,71,0.0,0.3611318531332123
933,36,F,2,Unknown,Married,Less than $40K,Blue,50,1,4,4,5792.244308563687,922,4870.244308563687,0.17972710304843298,5677,88,1.6002336573710911,0.6467134555426234
934,41,M,2,Graduate,Married,Less than $40K,Blue,42,3,2,6,7430.9348341796485,64,7366.9348341796485,0.018528261484433317,4944,79,0.0,0.4112778037785698
935,38,M,0,Unknown,Single,Less than $40K,Blue,45,6,3,2,5503.774762918599,2076,3427.7747629185988,0.5348305146374578,850,10,0.0,0.0
936,49,M,2,Post-Graduate,Single,$120K +,Gold,45,2,2,2,5525.970940176877,120,5405.970940176877,0.4211989824174036,656,10,2.7966087093657563,0.10338071992590714
937,35,M,4,Unknown,Unknown,Less than $40K,Blue,31,6,1,6,23645.126015970745,1082,22563.126015970745,0.0,8975,91,0.1386739427444052,0.0
938,44,M,1,Graduate,Married,$40K - $60K,Blue,18,3,1,2,21467.499947060016,0,21467.499947060016,0.3480967836755124,2197,29,1.6228293253195996,0.6801419497660257
939,57,M,2,Uneducated,Unknown,Unknown,Blue,45,5,0,3,25536.17442952354,160,25376.17442952354,2.5313528338139593,4780,68,0.07874943944515911,0.4032522460543599
940,56,F,3,Doctorate,Married,$120K +,Blue,17,5,0,2,1438.3,1300,138.29999999999995,0.0,1943,29,2.233139405067493,0.029496024820962113
941,43,F,0,Graduate,Married,Less than $40K,Blue,42,2,6,1,15583.621466368815,910,14673.621466368815,0.0,3455,44,1.375323570153679,0.38193510456616664
942,50,F,1,Graduate,Married,Less than $40K,Blue,32,3,2,3,14876.098612492804,0,14876.098612492804,0.0,7233,101,1.3364406679458094,0.0
943,41,M,1,Post-Graduate,Unknown,$40K - $60K,Blue,42,4,3,0,1438.3,1921,3.0,0.0,687,10,0.931861964043118,0.3174503941142529
944,34,M,2,Uneducated,Married,$60K - $80K,Blue,39,4,3,3,21388.356042110303,0,21388.356042110303,0.0,4209,66,0.9110507020619674,0.3254026358090753
945,37,F,2,Unknown,Single,$60K - $80K,Blue,45,2,5,4,10981.971279379015,754,10227.971279379015,0.0,6410,88,1.9866460578005332,0.1742482402222821
946,37,M,4,Doctorate,Married,Less than $40K,Blue,33,3,5,4,1438.3,0,1438.3,0.6077486941604712,3274,56,0.025880908721018447,0.25363435223843034
947,35,F,3,Uneducated,Married,Less than $40K,Blue,31,4,6,2,22749.915290764366,0,22749.915290764366,0.46775614874146476,1792,23,0.0,0.0
948,37,F,3,College,Divorced,Less than $40K,Blue,26,4,4,2,1438.3,1421,17.299999999999955,0.10594954103098242,5327,63,0.5243307839857536,0.22686938883087113
949,46,F,4,Unknown,Single,Less than $40K,Silver,13,6,4,0,15542.866528570903,548,14994.866528570903,0.0,10429,115,0.5589285859744466,0.0
950,52,F,2,Uneducated,Married,Less than $40K,Blue,30,6,1,2,8604.181805736025,44,8560.181805736025,2.1846882695971503,5830,65,0.11350483414949702,0.0
951,52,F,2,Unknown,Single,$60K - $80K,Blue,56,5,1,0,3408.510679810329,0,3408.510679810329,0.025632918647790937,2170,27,0.0,0.40252670586696504
952,46,F,5,College,Single,$80K - $120K,Blue,16,5,3,4,9713.767775542476,995,8718.767775542476,0.0,3713,47,0.5161838360616141,0.4205465101425262
953,43,M,1,High School,Married,Less than $40K,Blue,37,1,1,4,10042.082447018702,919,9123.082447018702,0.0,6285,75,1.7096840918890055,0.0
954,37,F,2,High School,Married,Unknown,Blue,48,2,2,2,1438.3,1061,377.29999999999995,0.7110544244848819,1509,28,0.025630303260325338,0.10627688340451351
955,39,F,0,Post-Graduate,Married,Less than $40K,Blue,38,4,3,5,1438.3,1706,3.0,0.8361978322194009,2948,40,1.0837230208463358,0.22581499535198718
956,42,F,2,Graduate,Single,$40K - $60K,Blue,44,3,5,6,17454.015923505714,880,16574.015923505714,0.0,4590,76,0.0,0.8995596913831794
957,41,F,2,Graduate,Unknown,Less than $40K,Blue,48,6,2,3,1438.3,2517,3.0,0.7775216602554337,3984,77,1.8007611156108099,0.03696307337650509
958,44,F,3,Uneducated,Married,$80K - $120K,Blue,40,4,0,3,9304.769631569,239,9065.769631569,2.6149397813404756,5371,54,0.48944018400950956,0.16181824037581993
959,44,M,2,Graduate,Single,Less than $40K,Blue,19,3,3,3,31952.482545525778,261,31691.482545525778,1.3922167734189221,4173,95,1.1149818008686652,0.0
960,35,F,0,High School,Married,Less than $40K,Blue,32,3,4,4,1438.3,600,838.3,0.5908728955993559,5615,59,1.0814839485232746,0.07701667021164392
961,47,M,5,Graduate,Married,$60K - $80K,Blue,46,5,3,6,5707.09981673874,758,4949.09981673874,1.3660592069233144,3947,59,1.1494554982927423,0.4938996927645684
962,48,M,1,College,Single,Less than $40K,Blue,33,4,0,3,3371.965337894352,1237,2134.965337894352,3.2978424255114227,5593,73,0.2619245104964389,0.20372023239151382
963,37,M,1,Graduate,Married,Less than $40K,Silver,24,2,0,4,12691.385285548276,182,12509.385285548276,1.88219754449099,3365,56,0.5711132086673606,0.14966771613829127
964,40,F,1,College,Single,Less than $40K,Blue,51,4,2,3,3305.1848134311285,2108,1197.1848134311285,0.0,5960,77,0.07599664107743109,0.0
965,52,F,1,Doctorate,Married,$40K - $60K,Blue,38,3,1,1,30460.56675927332,446,30014.56675927332,1.1002632982614777,2724,39,0.950272362407675,0.45915226164146333
966,46,F,0,College,Married,Unknown,Blue,35,2,6,2,16738.825085717515,1355,15383.825085717515,0.0,3366,58,1.1750953095314236,0.6798615897052632
967,44,F,3,Graduate,Married,Less than $40K,Blue,53,6,3,1,12054.627784729342,1922,10132.627784729342,0.27863066655182533,3013,48,1.4178488998248207,0.0
968,49,F,0,Doctorate,Married,Less than $40K,Silver,54,5,4,4,4966.442087067035,0,4966.442087067035,0.0,3386,61,0.0,0.4276547754717407
969,31,M,2,Unknown,Married,Less than $40K,Blue,39,3,6,1,7687.978030125057,1355,6332.978030125057,0.4700571891021411,3812,67,0.0,0.16190407715656863
970,40,F,5,High School,Single,Unknown,Blue,45,3,2,6,7576.513185894736,1065,6511.513185894736,0.28753321986964403,1021,16,2.062966095587464,0.10630046135373633
971,44,F,2,Graduate,Divorced,$120K +,Blue,19,2,3,2,2464.2099943736366,1236,1228.2099943736366,0.24122912924308337,5936,69,1.3916270832830766,0.18103497053466514
972,39,F,1,College,Married,Unknown,Blue,30,1,0,2,12571.035248884451,1219,11352.035248884451,2.269880048275497,2787,38,0.0,0.3955601763180804
973,40,F,1,Graduate,Married,$40K - $60K,Blue,26,6,0,4,15491.811132369321,0,15491.811132369321,0.0,6403,88,0.5740165408163027,0.21980833967710844
974,50,F,1,Post-Graduate,Divorced,$80K - $120K,Blue,43,4,0,6,24607.423375544753,983,23624.423375544753,0.8447564153214643,2629,39,2.09130922675605,0.45747821082371876
975,54,F,0,Graduate,Married,$120K +,Blue,36,3,5,2,5979.618134921481,290,5689.618134921481,1.6418121189710417,7081,93,0.0,0.0
976,42,M,2,Unknown,Married,Less than $40K,Blue,42,4,0,2,24072.421580963353,1864,22208.421580963353,1.0102302017965572,5384,69,1.3307009771573368,0.0
977,50,F,1,Uneducated,Married,Less than $40K,Silver,48,4,4,4,1438.3,772,666.3,0.0,3189,87,1.1149325174030316,0.2228871300493394
978,40,F,5,Uneducated,Married,$60K - $80K,Blue,36,2,1,2,1438.3,0,1438.3,1.0860073389146288,1943,34,0.0,0.3348220575094125
979,50,M,1,Graduate,Married,$60K - $80K,Silver,50,5,6,1,1438.3,623,815.3,0.0,3790,42,0.0,0.038790863172686915
980,49,F,5,Graduate,Single,Less than $40K,Blue,35,4,1,4,1438.3,346,1092.3,0.0,3555,60,0.03747538760198765,0.2863833328411033
981,51,M,4,Graduate,Married,Less than $40K,Blue,18,4,4,5,18888.186952893313,1318,17570.186952893313,1.5204695142385751,2772,39,1.4966855219940218,0.0
982,55,F,5,High School,Single,Less than $40K,Blue,41,5,2,3,4089.0592271995547,1248,2841.0592271995547,1.78975442870943,4035,50,0.0,0.6565411416608123
983,64,M,1,High School,Married,Less than $40K,Blue,39,3,3,4,1438.3,753,685.3,1.0097879930188847,7472,96,0.0,0.6140748523308863
984,43,M,0,High School,Married,Less than $40K,Blue,46,2,2,4,16245.474274022745,0,16245.474274022745,0.0,3140,69,1.6797484665885234,0.0
985,54,M,4,College,Married,$120K +,Blue,50,5,5,5,22643.14609377802,0,22643.14609377802,3.3340635287133153,889,10,0.702246069875498,0.8388845323179758
986,40,M,0,Unknown,Single,$120K +,Blue,37,2,5,0,15178.68609609159,63,15115.68609609159,0.35983459677432716,6704,90,1.1806901144217314,0.0
987,62,F,1,High School,Single,Unknown,Silver,34,1,1,1,2682.1260383938297,49,2633.1260383938297,1.9092180223013475,2887,29,1.1027878060576581,0.0
988,39,F,0,Graduate,Divorced,$80K - $120K,Blue,37,3,2,4,13237.999973067577,1907,11330.999973067577,1.0363923338448213,1192,28,0.0,0.0
989,40,M,4,College,Married,$60K - $80K,Blue,29,5,6,4,13379.48749900941,813,12566.48749900941,0.8125167232327483,7737,90,1.8512320592691545,0.03956849832688457
990,41,M,3,Unknown,Married,Less than $40K,Blue,34,3,4,6,9373.238363855678,1660,7713.2383638556785,1.5741815438238738,6968,82,1.8621194816599296,0.4944209618648026
991,30,M,2,Uneducated,Divorced,$40K - $60K,Blue,56,1,2,4,1758.8816401701843,1934,3.0,1.7286492203769959,2752,41,0.6898116540161157,0.0
992,26,M,5,Uneducated,Single,$60K - $80K,Blue,34,3,3,2,12080.203733748778,791,11289.203733748778,0.0,3026,38,0.35845722729066104,0.05240153981077862
993,35,F,1,High School,Married,$120K +,Blue,42,3,6,3,1438.3,768,670.3,0.7580051153480856,7044,73,0.0,0.0
994,49,F,1,Unknown,Married,Unknown,Blue,30,2,5,3,1438.3,1324,114.29999999999995,0.0,3543,63,0.6257933460245831,0.8228218497144266
995,44,M,3,Post-Graduate,Single,Unknown,Blue,40,3,4,3,1438.3,1101,337.29999999999995,1.2419753462506335,1158,19,0.0,0.0
996,32,F,1,High School,Unknown,Unknown,Blue,30,3,6,5,15596.763572955359,1540,14056.763572955359,1.1424307052922007,5829,78,0.0,0.35042825964216545
997,68,M,2,High School,Single,Unknown,Blue,46,3,4,4,1438.3,2517,3.0,0.0,4434,46,1.665891660032385,0.6395413558979632
998,37,M,3,High School,Married,Unknown,Blue,39,3,2,3,8909.211721759444,536,8373.211721759444,0.0,1070,16,2.0771091623499083,0.6511192586709671
999,38,F,2,Graduate,Divorced,$40K - $60K,Blue,41,1,2,2,11973.859880675525,1604,10369.859880675525,0.0,2537,42,0.06399783106287782,0.5560975681235434
1000,58,F,1,High School,Single,Unknown,Blue,44,5,6,4,26530.85377421524,0,26530.85377421524,2.190331031759729,6966,111,0.19431218162517883,0.5597377169485989
1001,42,F,2,College,Married,$80K - $120K,Blue,39,4,6,3,15707.360183927292,1262,14445.360183927292,0.0,1499,27,0.12486875440225653,0.4881412871597689
1002,54,M,3,Graduate,Single,$40K - $60K,Blue,39,4,3,2,7373.500593212635,39,7334.500593212635,3.361172678422207,1105,28,0.34043118969559194,0.08299384781635771
1003,48,F,1,Uneducated,Married,$60K - $80K,Blue,26,6,4,2,14761.989229552484,423,14338.989229552484,1.8418522406419942,5912,77,2.4839159682033802,0.3935119973088229
1004,35,F,5,Graduate,Single,$40K - $60K,Blue,39,3,3,2,14603.474048016855,0,14603.474048016855,1.5513838367435118,6074,75,1.7019723035484122,0.09492665723270902
1005,40,M,5,College,Married,Less than $40K,Blue,47,4,4,3,15504.183477862605,0,15504.183477862605,0.0,4306,76,0.9347274026486807,0.47728195466347223
1006,49,M,4,Uneducated,Married,Unknown,Blue,38,3,6,6,16305.179101046639,0,16305.179101046639,1.66605501421424,3671,62,0.3791033183377921,0.3868288384813331
1007,52,M,2,Doctorate,Single,$60K - $80K,Blue,45,2,1,2,15843.0556720573,533,15310.0556720573,0.8197528024314257,5711,73,0.661438632293802,0.31846284478902104
1008,40,F,4,High School,Single,$60K - $80K,Blue,42,5,1,3,16375.959015542492,0,16375.959015542492,0.06207776070237914,3401,47,0.16905956958754653,0.0
1009,50,F,3,Graduate,Married,Less than $40K,Blue,32,2,4,4,1438.3,1195,243.29999999999995,0.0,6075,82,0.7234629611658133,0.11419216112559016
1010,58,M,2,Post-Graduate,Single,$40K - $60K,Blue,35,2,5,0,1438.3,0,1438.3,0.189883351454178,5630,77,0.0,0.26933188532949026
1011,55,M,0,High School,Single,$40K - $60K,Blue,38,3,0,1,13349.706695644576,1560,11789.706695644576,0.8999217206546567,2362,30,0.0,0.09457327166578107
1012,47,F,1,Doctorate,Married,$60K - $80K,Blue,36,3,4,3,11204.617090124864,0,11204.617090124864,0.0,3281,63,0.030541341405114997,0.12515746041746784
1013,59,M,0,Graduate,Divorced,Unknown,Blue,31,1,5,5,2987.464318435588,859,2128.464318435588,1.4084314351642335,3958,60,0.8832445175695789,0.41959791333319885
1014,39,F,3,Unknown,Married,$40K - $60K,Blue,37,2,3,2,1438.3,915,523.3,1.7940201541493639,5704,101,0.7554378866317759,0.0
1015,50,F,0,College,Married,$40K - $60K,Blue,36,5,2,2,9264.09143860724,263,9001.09143860724,3.327282390988114,3378,59,0.0,0.20687995522134095
1016,46,F,4,Doctorate,Single,Unknown,Blue,42,1,0,6,1828.049396088164,866,962.049396088164,0.3768184189902906,4885,95,0.0,0.0
1017,51,F,4,High School,Single,Less than $40K,Blue,40,5,6,0,17638.89875637101,0,17638.89875637101,0.3563086711728094,8096,108,1.9888322577132862,0.0
1018,43,F,2,Graduate,Married,Less than $40K,Blue,40,3,6,6,11813.89588658584,39,11774.89588658584,1.999447423520039,2368,52,0.7064393717237335,0.45752792285955296
1019,53,M,3,Graduate,Married,$80K - $120K,Blue,45,5,1,0,10604.783040015041,420,10184.783040015041,0.20523670130842037,2688,42,1.2775001125660959,0.2193355507036827
1020,38,F,1,Unknown,Married,$40K - $60K,Blue,36,2,0,3,2466.7842419150775,945,1521.7842419150775,0.0,5146,61,0.560292634065226,0.0
1021,33,F,0,Unknown,Single,$60K - $80K,Blue,39,4,5,0,16354.18627123101,852,15502.18627123101,0.0,2309,42,0.5951418043167471,0.0
1022,56,F,5,High School,Single,$80K - $120K,Silver,36,3,2,1,2378.298980036693,940,1438.2989800366931,0.14085943434653536,3550,57,0.0,0.3713338286834757
1023,48,M,3,College,Single,Unknown,Blue,21,4,2,3,17299.894827022275,103,17196.894827022275,0.0,8237,116,0.0,0.40856141636952403
1024,43,M,3,Unknown,Single,Less than $40K,Blue,25,3,0,5,13631.834649764753,1228,12403.834649764753,2.0132027525126075,995,17,0.7193623810952012,0.0
1025,35,F,5,Uneducated,Married,Less than $40K,Blue,49,4,4,0,12213.58250825484,617,11596.58250825484,0.0,5948,82,2.6455991547125497,0.0
1026,59,M,2,Graduate,Single,$40K - $60K,Blue,23,4,5,4,18651.407778308334,203,18448.407778308334,2.085607169853264,3744,78,0.5552461015978327,0.044751994152789146
1027,45,M,2,Graduate,Single,$40K - $60K,Blue,50,5,0,3,3487.0284005025687,0,3487.0284005025687,0.2647925784949031,6265,111,2.1073395904278924,0.0
1028,52,M,5,College,Single,Less than $40K,Blue,41,5,0,6,1438.3,0,1438.3,0.0,1306,19,1.4034019943384466,0.792888794229697
1029,52,F,3,High School,Single,$80K - $120K,Blue,38,3,0,2,6081.589459533251,1099,4982.589459533251,0.7434913045371624,3917,68,0.5685398621310622,0.5963751280092178
1030,34,M,3,High School,Single,$40K - $60K,Blue,56,1,4,3,16595.6169629886,0,16595.6169629886,0.0,3298,29,1.6543539674101733,0.2987910276183072
1031,40,M,1,Uneducated,Married,$80K - $120K,Blue,38,3,5,4,1438.3,1930,3.0,2.3619745284932785,3642,49,0.0987611632947557,0.17362385856782955
1032,40,F,2,Graduate,Married,Less than $40K,Silver,31,2,4,2,10363.190798975924,0,10363.190798975924,0.23350051186965398,7581,94,0.0,0.2980325330291165
1033,27,F,2,Graduate,Married,$60K - $80K,Blue,29,3,4,6,1438.3,1604,3.0,1.504941272682649,3057,43,0.0,0.16260022720545977
1034,37,M,3,Graduate,Married,Unknown,Blue,26,2,5,3,10057.433534729827,2341,7716.433534729827,1.8911037090653562,1384,37,0.0,0.09489685004564244
1035,52,M,4,Graduate,Single,Less than $40K,Blue,34,3,0,2,1438.3,1489,3.0,1.5156955389892548,2677,34,0.7031251873617816,0.0
1036,42,F,5,High School,Single,Less than $40K,Blue,37,3,3,0,12572.45221651499,1388,11184.45221651499,0.9554195670944792,7026,66,0.5424517986821045,0.2768006870394437
1037,46,F,4,High School,Single,Less than $40K,Blue,33,4,2,3,2740.270918781327,604,2136.270918781327,0.0,10671,130,0.0,0.5856197373964247
1038,66,M,3,High School,Married,Less than $40K,Blue,28,1,4,6,1438.3,0,1438.3,0.0,7288,86,0.18564266332306362,0.35686345234937156
1039,45,M,2,College,Married,Unknown,Blue,37,3,3,3,1438.3,1046,392.29999999999995,0.0,3289,48,1.233393878813755,0.0
1040,39,F,1,Graduate,Single,$40K - $60K,Silver,42,5,4,3,27031.410633869113,997,26034.410633869113,0.7009247902665988,642,14,1.8080400307803686,0.2571527398949882
1041,35,M,1,Graduate,Married,$60K - $80K,Blue,18,3,0,3,1438.3,169,1269.3,3.033935586052075,2907,47,0.0,0.0
1042,35,F,3,Unknown,Unknown,Less than $40K,Platinum,30,4,1,2,25589.904996165835,0,25589.904996165835,1.3475288569553587,1324,25,0.0,0.0
1043,63,M,0,Graduate,Married,$80K - $120K,Blue,43,3,4,4,15807.03212719206,504,15303.03212719206,0.0,2323,60,2.809185743720266,0.0
1044,48,M,2,High School,Married,$40K - $60K,Blue,48,4,1,6,6041.7659711790675,363,5678.7659711790675,0.0,3566,66,0.736252687967577,0.0
1045,50,F,2,College,Married,Unknown,Blue,36,4,4,3,10959.579487759223,0,10959.579487759223,0.0,3327,50,1.3754734321310056,0.0
1046,38,F,3,High School,Single,Less than $40K,Blue,28,4,4,1,23587.85741841493,13,23574.85741841493,0.8484323989287655,1906,24,0.5164606934906999,0.0
1047,44,F,1,Post-Graduate,Married,$80K - $120K,Blue,46,4,2,6,1438.3,777,661.3,0.6488945707001754,1118,15,0.08166465580564286,0.6455799168010798
1048,53,F,3,Unknown,Married,Less than $40K,Blue,32,4,3,4,12799.366900856297,846,11953.366900856297,0.0,822,10,0.6833973166320356,0.43632557417683465
1049,53,F,4,High School,Divorced,Less than $40K,Blue,38,3,0,6,5831.321210700544,1184,4647.321210700544,0.11174036700996837,3442,47,0.041508380615458695,0.0834079550762869
1050,59,M,5,High School,Married,Less than $40K,Blue,41,3,3,3,1438.3,397,1041.3,0.772971483120676,1188,23,0.0,0.20367338318316242
1051,60,M,3,Uneducated,Married,$60K - $80K,Blue,34,1,0,5,12816.211753494501,274,12542.211753494501,2.0131015090755917,3758,43,1.139152647661152,0.2815650227508988
1052,37,M,1,High School,Married,$60K - $80K,Blue,45,2,0,0,2460.621506762456,1377,1083.6215067624562,0.4512669170789,3097,75,1.134044898033419,0.3528952319959954
1053,55,M,5,Graduate,Single,$120K +,Gold,32,2,2,3,1438.3,2046,3.0,0.06653941844734379,5416,62,2.703680285586741,0.4009946123096888
1054,56,F,3,Unknown,Single,$60K - $80K,Silver,40,3,4,2,17254.6454501153,159,17095.6454501153,1.2731766627211831,2961,37,1.6421459283790345,0.11811178950701877
1055,35,M,3,Uneducated,Married,Unknown,Blue,27,3,4,4,1438.3,0,1438.3,0.46127035284117185,1858,32,2.047211955061466,0.02583306086769685
1056,49,M,4,Graduate,Unknown,Less than $40K,Blue,42,6,2,2,21097.362553498715,780,20317.362553498715,1.6265235886007376,2672,40,0.35611949934909387,0.1814100167734413
1057,59,F,2,Graduate,Single,$80K - $120K,Blue,38,2,4,6,6392.225153819172,566,5826.225153819172,2.7737982350803367,1214,39,1.1460535690216216,0.0
1058,53,F,4,High School,Single,$80K - $120K,Blue,49,2,6,3,13261.800952854739,860,12401.800952854739,1.1757309257364452,2246,28,0.5793218490800449,0.4456986531476521
1059,33,F,2,Unknown,Married,Less than $40K,Blue,30,6,4,1,4420.443136035171,0,4420.443136035171,0.0,1035,18,2.0615917450950163,0.45517310082227647
1060,26,F,0,Graduate,Single,Less than $40K,Blue,45,1,3,6,6176.585454349057,0,6176.585454349057,0.0700845068520295,2381,50,1.235366368998394,0.34990169239996116
1061,27,F,3,High School,Married,Unknown,Blue,33,4,4,3,13455.841468013683,989,12466.841468013683,2.3276693601719325,670,10,0.0,0.23867846666990694
1062,41,M,4,Doctorate,Married,$40K - $60K,Blue,32,6,0,0,1438.3,400,1038.3,0.3003949339441392,4398,66,0.0,0.5322378958506573
1063,39,F,3,Unknown,Unknown,Less than $40K,Blue,46,2,5,3,1438.3,1715,3.0,1.5277162010824368,4582,71,0.6528106316436929,0.6306752706745007
1064,39,F,5,Unknown,Married,Less than $40K,Blue,49,6,6,0,2721.234091186093,804,1917.2340911860929,1.5242149100855347,4002,40,0.0,0.0
1065,53,M,2,Graduate,Married,Less than $40K,Blue,33,4,5,0,1438.3,0,1438.3,1.353909324982334,2726,43,0.5779583164767187,0.0
1066,32,F,1,Post-Graduate,Single,$40K - $60K,Blue,34,5,1,4,1438.3,0,1438.3,1.6612703736423495,2016,48,0.09468804891888893,0.07939996213397664
1067,52,F,1,Graduate,Unknown,Less than $40K,Blue,27,4,6,1,3114.4006783605937,822,2292.4006783605937,0.0,1443,30,0.46295590043779605,0.015308607464561835
1068,50,F,1,Uneducated,Married,Less than $40K,Blue,35,1,3,3,1438.3,0,1438.3,0.09085416929426082,609,12,1.879205732759085,0.06946272016932281
1069,52,M,5,Graduate,Married,$40K - $60K,Blue,43,3,3,1,12754.031214242645,825,11929.031214242645,0.15527205355251705,5339,66,0.0,0.21369402739685214
1070,41,F,1,Uneducated,Unknown,$80K - $120K,Blue,29,3,5,6,1438.3,0,1438.3,0.4855854170492743,5727,95,0.0,0.4432161645040138
1071,47,F,0,Graduate,Single,$60K - $80K,Blue,29,3,3,3,7177.227914192387,823,6354.227914192387,1.3617798109844017,4897,43,0.7766279358405909,0.574899404228541
1072,48,M,2,Post-Graduate,Single,$40K - $60K,Blue,35,5,4,2,12676.650788286492,2517,10159.650788286492,0.6272947687085138,7252,109,1.2785082609542948,0.11905457193771135
1073,53,F,1,High School,Married,Less than $40K,Blue,26,3,2,4,7860.509313267378,0,7860.509313267378,0.0,3741,53,3.0205580979504094,0.749462242196917
1074,44,F,2,Graduate,Single,Less than $40K,Blue,33,2,5,0,16387.596052789,1228,15159.596052788998,1.5394764204550562,1920,53,0.0,0.0
1075,45,F,0,Graduate,Divorced,$60K - $80K,Gold,48,3,1,4,1438.3,757,681.3,0.7021850539404658,2905,43,0.25817042232854137,0.42678297481552097
1076,36,M,1,Uneducated,Married,Unknown,Blue,28,4,0,1,13419.081853355845,0,13419.081853355845,0.5125008417113172,1735,39,0.0,0.0
1077,32,M,4,Uneducated,Single,Less than $40K,Blue,38,3,3,4,1438.3,2293,3.0,0.09689834166320765,3213,55,1.1294342409432145,0.0
1078,40,M,3,Post-Graduate,Single,$120K +,Platinum,35,4,2,2,1438.3,2339,3.0,2.423723486731233,1382,51,0.036476266121911904,0.0
1079,49,F,0,High School,Single,$60K - $80K,Blue,41,3,3,0,8134.265585115346,1942,6192.265585115346,0.0,2693,39,1.167057608035765,0.0
1080,31,F,4,Uneducated,Single,Less than $40K,Blue,47,4,2,6,1438.3,1639,3.0,0.93461271747072,1799,30,0.0,0.25078507398879635
1081,42,M,1,Graduate,Divorced,Less than $40K,Blue,38,3,3,6,2709.6918539010476,1469,1240.6918539010476,2.607671599951199,7914,109,0.0,0.36741663254818946
1082,48,M,4,College,Single,$40K - $60K,Blue,41,3,2,2,9083.685095174833,501,8582.685095174833,0.0,1941,23,0.8176984879861653,0.33519164558722614
1083,47,M,3,Uneducated,Unknown,$40K - $60K,Blue,27,2,6,3,12688.766256821926,1172,11516.766256821926,0.5511913653183945,1637,25,0.7623091779177109,0.6656755804797736
1084,47,F,5,Uneducated,Single,Less than $40K,Blue,17,5,6,6,3563.321290815059,744,2819.321290815059,0.8544492672302281,5607,98,0.3214813197342568,0.6999538187768359
1085,42,F,3,Uneducated,Single,Less than $40K,Blue,33,5,4,3,1438.3,425,1013.3,1.315116553616765,5787,81,0.0,0.4058769911450544
1086,35,F,2,Post-Graduate,Married,Less than $40K,Blue,22,2,1,6,1438.3,1094,344.29999999999995,2.3850667515757333,2543,49,0.6185944106179486,0.04540849162957175
1087,35,F,2,Uneducated,Single,$120K +,Blue,19,4,3,3,11994.026839269689,0,11994.026839269689,0.0,3830,53,0.9968561005676282,0.0
1088,49,M,3,Graduate,Single,$60K - $80K,Blue,29,4,2,2,1438.3,49,1389.3,0.6670778513815652,2038,33,0.9164177307330477,0.5212283204057092
1089,55,F,2,High School,Single,Less than $40K,Blue,23,3,5,4,22822.351266701276,891,21931.351266701276,0.0025287790321887327,4039,58,0.0,0.41116603644504945
1090,48,M,3,High School,Single,$40K - $60K,Blue,49,5,4,2,1438.3,0,1438.3,0.49305375014061015,889,18,1.7358157268333594,0.0
1091,42,F,2,High School,Single,$80K - $120K,Blue,34,6,5,4,1438.3,1474,3.0,2.4575420704909936,638,10,1.923140188022792,0.3547968502552772
1092,36,M,0,Graduate,Single,$80K - $120K,Blue,31,2,3,5,20480.754594971233,831,19649.754594971233,2.104543592684676,2209,32,1.1436564201155655,0.5543951283571512
1093,46,F,4,Doctorate,Married,$60K - $80K,Gold,32,5,1,2,16403.764228314605,0,16403.764228314605,0.0,2592,43,1.2456849942185877,0.0
1094,61,M,2,Post-Graduate,Single,$80K - $120K,Blue,50,2,4,3,9532.364286094791,796,8736.364286094791,0.0,4833,58,2.092079420850098,0.4871892281058579
1095,42,F,1,Graduate,Unknown,Less than $40K,Blue,47,2,3,0,9915.402978080385,139,9776.402978080385,1.8282361392078164,2440,54,0.5842350095134639,0.0
1096,56,F,5,Graduate,Single,$120K +,Blue,24,3,3,3,1438.3,1790,3.0,1.5190360972385757,2915,35,0.6340629255581096,0.0
1097,58,F,3,Unknown,Married,Less than $40K,Blue,36,3,3,1,8528.149118691717,1806,6722.149118691717,1.1224600202856945,5283,53,1.0955128982579425,0.12171240827095989
1098,55,F,1,Graduate,Married,Less than $40K,Blue,30,3,2,0,1438.3,324,1114.3,2.4539091954371717,4714,59,0.0,0.18422841244404004
1099,53,M,3,Graduate,Single,Less than $40K,Blue,44,2,1,3,12019.877720494784,18,12001.877720494784,1.1581695106766987,1992,27,0.0,0.2559086711465767
1100,43,M,4,High School,Single,Less than $40K,Blue,35,4,0,4,18651.979665862003,1042,17609.979665862003,0.0,3352,51,0.0,0.028304057880506495
1101,40,F,0,Unknown,Married,Unknown,Blue,39,2,0,6,11079.852800296205,204,10875.852800296205,0.6189315422659125,3584,55,0.7563932228666531,0.050439402949825685
1102,38,F,1,Uneducated,Married,Less than $40K,Blue,33,3,0,1,4428.978989036943,1320,3108.978989036943,1.0146050280823302,1069,23,2.7799990104220402,0.08843003307028452
1103,57,M,0,High School,Unknown,$40K - $60K,Blue,35,1,3,1,12990.756729589762,312,12678.756729589762,0.0,1072,18,0.13813290446599763,0.1506546166189337
1104,31,M,4,High School,Unknown,Less than $40K,Silver,28,3,4,4,6204.907032007994,645,5559.907032007994,1.181499615171351,4057,49,0.015788686730057955,0.0
1105,55,M,3,Graduate,Married,$80K - $120K,Blue,40,5,3,0,1438.3,1944,3.0,0.35642931400627037,2377,35,0.8174948593416409,0.6011304677324094
1106,65,M,4,Uneducated,Divorced,$80K - $120K,Blue,40,4,2,4,18336.981277157887,0,18336.981277157887,0.0,7257,114,1.6326148408997931,0.33225831034934117
1107,40,F,1,Graduate,Married,Unknown,Blue,33,3,3,4,21330.478956072046,0,21330.478956072046,2.0602912241801943,1645,38,0.0,0.0
1108,60,M,5,Graduate,Divorced,Unknown,Blue,31,5,2,3,4863.2001721863235,572,4291.2001721863235,2.6043071518616605,4381,57,0.0,0.0
1109,48,F,0,Graduate,Single,Unknown,Blue,29,4,3,5,17863.237784302553,96,17767.237784302553,1.2181081324435983,4677,69,0.0,0.0
1110,59,F,2,Graduate,Single,Unknown,Blue,32,4,6,4,6570.493483529785,1009,5561.493483529785,0.0,1048,19,0.6596735760270045,0.0
1111,40,F,2,Unknown,Single,Less than $40K,Silver,46,5,1,2,2213.568506228994,0,2213.568506228994,0.0,3744,39,1.398511581033191,0.0
1112,48,M,2,Uneducated,Married,$60K - $80K,Blue,42,4,2,5,7295.925364194938,1599,5696.925364194938,0.5320990718281036,3009,50,0.0,0.0
1113,41,M,2,Unknown,Married,$60K - $80K,Blue,41,4,3,2,1438.3,760,678.3,0.3143300106836424,3187,48,0.0,0.22178732971716203
1114,49,M,2,High School,Married,Unknown,Silver,27,3,4,4,6438.414137422357,2359,4079.4141374223573,0.0,3714,61,0.3813419611740674,0.0
1115,56,F,0,Doctorate,Single,Unknown,Blue,43,4,2,3,3117.781584729856,359,2758.781584729856,0.09745934516447707,3341,57,0.8796539567312482,0.7076782322024583
1116,39,F,1,High School,Married,$40K - $60K,Blue,42,5,0,2,22268.432927639733,107,22161.432927639733,0.31947619448744213,2821,31,0.6293577951802587,0.9496604222451742
1117,34,M,0,Uneducated,Single,Unknown,Blue,36,2,4,3,20980.75197424548,401,20579.75197424548,0.5344527358785163,3157,55,0.5274897653672017,0.33608301325154133
1118,42,M,3,High School,Single,$40K - $60K,Blue,51,5,0,3,4534.338009627691,0,4534.338009627691,0.0,2781,50,0.0,0.14123405880746057
1119,47,M,5,Unknown,Married,Less than $40K,Blue,41,5,4,0,5229.2135625389,2025,3204.2135625389,1.1496330906104544,4557,72,0.7144205156755166,0.029038895870489356
1120,49,F,1,High School,Single,Less than $40K,Blue,35,2,2,5,1438.3,0,1438.3,1.8863095399105325,5735,79,2.197692529158555,0.0
1121,56,F,2,Unknown,Single,$120K +,Blue,51,4,0,0,5257.700062901407,26,5231.700062901407,0.0,3502,45,1.0207455093620714,0.5333086041025457
1122,35,M,5,Graduate,Single,$60K - $80K,Gold,40,5,4,3,15470.507199129253,192,15278.507199129253,1.2893276063067223,5332,68,1.8974163321947999,0.07224495519750797
1123,40,M,0,College,Single,$120K +,Blue,38,4,4,6,11662.662767198799,118,11544.662767198799,2.3141451615814557,3091,34,0.868625824661353,0.2642859706148639
1124,58,F,3,High School,Married,Less than $40K,Blue,52,2,0,6,3722.368480602553,1232,2490.368480602553,0.0,9848,113,0.895848175500926,0.0
1125,33,M,3,Graduate,Married,$60K - $80K,Blue,40,1,2,6,13513.899860084388,662,12851.899860084388,0.0,4335,78,0.0,0.1942862986165237
1126,55,F,3,Graduate,Married,$40K - $60K,Gold,31,6,0,6,21574.909590927004,219,21355.909590927004,0.0,4534,91,0.3964370339897737,0.0
1127,44,F,2,Uneducated,Married,$80K - $120K,Blue,30,4,3,2,17422.24196009953,2384,15038.24196009953,1.0398157656016662,2370,51,0.0,0.4597716632125369
1128,61,F,4,College,Divorced,$60K - $80K,Blue,38,3,2,5,20528.59239366887,0,20528.59239366887,1.5987858233870522,6379,78,2.752383666910765,0.0
1129,53,M,3,High School,Married,$80K - $120K,Blue,35,3,1,1,12603.404824201049,1515,11088.404824201049,0.2657886553074769,2662,36,0.0,0.47345619080147133
1130,38,F,2,Unknown,Single,Less than $40K,Blue,42,4,6,4,9095.169311545382,727,8368.169311545382,0.22191815134020543,6300,90,0.22191537534160666,0.3569915966555137
1131,49,F,1,Graduate,Unknown,$80K - $120K,Blue,50,1,0,4,22070.775975694953,0,22070.775975694953,0.39305999219618715,1022,16,1.2152633797451227,0.12943830916111787
1132,52,M,1,Uneducated,Married,$80K - $120K,Blue,34,5,4,5,14063.426435385478,2517,11546.426435385478,0.8869850675640792,2958,34,1.8701371682569852,0.5423021381222937
1133,49,F,4,Doctorate,Single,$120K +,Blue,36,1,4,0,1438.3,616,822.3,0.44331769313745106,1316,26,1.6167243817813985,0.0
1134,37,M,5,Graduate,Single,$60K - $80K,Silver,35,5,6,6,4897.141693149439,0,4897.141693149439,1.589508309816438,1259,21,0.3998641621546157,0.0
1135,53,M,3,Graduate,Single,Less than $40K,Blue,14,3,4,2,11878.344552202843,1761,10117.344552202843,1.3121533036996604,6758,78,0.11232138656209617,0.6040932976387524
1136,37,F,0,Doctorate,Single,Less than $40K,Blue,34,3,2,3,1438.3,763,675.3,0.0,1774,31,2.630935273408508,0.40629329024640465
1137,42,F,4,Unknown,Married,Less than $40K,Blue,39,1,2,3,1438.3,346,1092.3,0.7203323262523407,1674,22,0.0,0.10947345086069461
1138,47,F,2,Unknown,Married,$40K - $60K,Blue,30,1,2,5,7316.659294896817,0,7316.659294896817,0.0,4508,77,0.9687292634308544,0.11240425362676056
1139,52,M,3,College,Single,$60K - $80K,Blue,33,4,5,6,9415.285018608081,1213,8202.285018608081,0.0,4485,47,1.3130433366949923,0.6167720519678002
1140,51,F,3,Unknown,Married,Less than $40K,Blue,32,3,6,4,1438.3,0,1438.3,0.0,3948,57,2.071024116010579,0.0
1141,49,M,0,High School,Single,$40K - $60K,Blue,37,5,0,4,13789.666578625121,66,13723.666578625121,0.6404159835880691,6797,82,0.0,0.6846448702826203
1142,52,F,3,Doctorate,Divorced,$60K - $80K,Blue,22,2,3,0,5816.09309247592,2136,3680.0930924759195,0.660982697503163,3766,48,0.0,0.11970655716475834
1143,37,M,0,High School,Single,Less than $40K,Blue,28,4,4,4,1438.3,0,1438.3,1.5185919977906819,634,10,0.2419011533347446,0.0
1144,47,F,1,Unknown,Single,$40K - $60K,Gold,36,6,0,4,2315.7313446044545,694,1621.7313446044545,0.0,2970,61,2.282334285158123,0.010608463447860761
1145,51,M,3,Graduate,Single,Unknown,Blue,34,5,2,6,4331.768935665177,776,3555.768935665177,0.15076796394456016,4361,81,0.0,0.12247792381296244
1146,53,M,5,Uneducated,Married,Less than $40K,Silver,26,1,4,6,8928.130868488162,785,8143.130868488162,1.4653525469231925,9579,112,2.3376738032538262,0.2968450514388306
1147,43,F,3,High School,Married,Less than $40K,Blue,25,4,4,0,4379.606576835438,1139,3240.6065768354383,0.0,6219,86,1.0988486069766528,0.22801451403536382
1148,57,F,4,Graduate,Divorced,Unknown,Blue,44,5,5,3,10449.547277704803,77,10372.547277704803,0.0,5430,63,0.6219563721556309,0.0237511470507841
1149,53,F,3,Graduate,Married,Less than $40K,Blue,39,4,1,1,10829.047192046524,382,10447.047192046524,1.5017067441018552,3413,45,0.0,0.3461720518079714
1150,48,M,2,Uneducated,Married,$40K - $60K,Blue,39,4,4,1,11781.846767890042,2043,9738.846767890042,0.6604609714128978,3664,44,0.46685470406590557,0.15381876537527836
1151,45,M,0,High School,Married,$80K - $120K,Silver,49,3,5,1,1438.3,126,1312.3,0.9857967350896875,3086,39,0.0,0.46442258726750857
1152,53,F,4,College,Married,$80K - $120K,Blue,29,2,2,1,11358.166976745395,806,10552.166976745395,0.36927461181150445,2267,31,0.0,0.0
1153,63,M,1,Graduate,Married,$80K - $120K,Blue,39,4,5,1,3117.90113780134,1717,1400.9011378013402,0.005380127383198707,2077,43,0.0,0.06807265025414472
1154,44,M,1,Uneducated,Married,$80K - $120K,Blue,38,4,2,2,6242.4455813940585,1068,5174.4455813940585,3.2181648087835075,6623,93,0.827486916908808,0.16240684468411404
1155,39,F,3,College,Married,$40K - $60K,Blue,50,5,3,1,1438.3,0,1438.3,1.116092211819439,5303,98,1.9793704074920369,0.5723244090379483
1156,27,M,3,Post-Graduate,Divorced,$40K - $60K,Blue,45,4,4,0,9189.562119430744,1343,7846.562119430744,0.0,2467,41,1.8850222801565053,0.1440713437348774
1157,47,M,0,High School,Married,Less than $40K,Blue,38,4,6,6,8173.364105193169,844,7329.364105193169,0.7721509520363583,2176,41,0.8799679460885818,0.2874113838276799
1158,52,M,3,Unknown,Single,$40K - $60K,Blue,38,5,1,5,1438.3,562,876.3,0.3628924933726807,6976,82,0.8441830934887962,0.0
1159,53,F,3,Graduate,Married,Less than $40K,Blue,44,3,5,2,1438.3,0,1438.3,1.1021143968988452,6287,69,0.0,0.5597900095712747
1160,56,M,2,College,Single,Less than $40K,Blue,51,4,0,2,1438.3,388,1050.3,3.397,2454,34,2.184149869127061,0.19224204618127927
1161,51,M,1,Post-Graduate,Divorced,$120K +,Blue,31,1,3,2,4484.241339092222,0,4484.241339092222,1.1405625838263578,1273,22,0.0,0.1448873823199313
1162,38,F,0,High School,Single,$60K - $80K,Blue,32,3,4,6,5071.338435962077,1846,3225.338435962077,0.8686535473643654,5669,81,0.0,0.0
1163,39,F,5,High School,Unknown,Less than $40K,Blue,47,4,3,1,18884.109772962765,0,18884.109772962765,0.6570705029935295,2666,35,2.7614752524173163,0.33826349095337926
1164,35,M,4,Doctorate,Single,$80K - $120K,Silver,40,6,4,3,21854.11402392332,1414,20440.11402392332,0.0,1711,26,0.5880374465328708,0.1593586675777955
1165,43,M,1,High School,Married,Less than $40K,Blue,25,3,3,6,4946.276277530424,1243,3703.2762775304236,1.2701024772449179,5965,65,0.44843043732910076,0.20249815720879022
1166,47,F,3,High School,Single,$60K - $80K,Blue,31,4,1,1,9916.67439594821,757,9159.67439594821,1.7712108809960085,3448,67,0.17853399423148764,0.14357845821933377
1167,57,M,3,Uneducated,Single,Less than $40K,Blue,42,2,6,3,1438.3,658,780.3,1.2566281035849873,2160,42,0.0,0.0
1168,48,M,3,Doctorate,Single,$60K - $80K,Blue,28,6,3,6,2496.3410740865347,1561,935.3410740865347,0.2941005856441941,6379,103,0.0,0.5033582387298967
1169,34,M,3,Graduate,Married,$40K - $60K,Blue,37,4,2,3,5967.305254350946,0,5967.305254350946,2.068172821919801,647,10,1.6351014347089419,0.0
1170,42,M,3,College,Unknown,Less than $40K,Blue,34,2,2,0,3006.3925650278507,975,2031.3925650278507,1.1087827406082469,519,10,2.4252401929166547,0.2212627770212689
1171,46,F,1,Unknown,Single,$80K - $120K,Blue,34,4,5,1,12225.173308504913,2362,9863.173308504913,2.549795095425,6964,86,0.0,0.12890972299708525
1172,42,F,5,Doctorate,Married,Less than $40K,Blue,49,3,4,2,4604.645524970751,1123,3481.6455249707506,2.2420826252960877,2128,35,0.5902812031340625,0.16289437028231893
1173,37,F,3,High School,Single,Unknown,Blue,28,4,4,1,5833.855667205034,0,5833.855667205034,1.2458564969531662,3796,61,0.0,0.0
1174,53,F,1,Graduate,Single,$40K - $60K,Blue,30,3,0,2,5591.899782766976,915,4676.899782766976,1.0385570196935021,7498,86,0.0,0.0
1175,62,M,2,Unknown,Single,Less than $40K,Blue,36,5,3,2,1438.3,1266,172.29999999999995,0.7470968362398407,2373,42,1.0097101106596442,0.0
1176,42,F,0,Uneducated,Unknown,$40K - $60K,Blue,24,4,0,1,17265.329921546647,490,16775.329921546647,1.479059631073456,6747,84,0.0,0.0
1177,52,M,5,College,Married,$80K - $120K,Blue,48,4,6,3,7395.145680373559,533,6862.145680373559,2.205100493537774,7159,82,0.0,0.4536892142488649
1178,40,F,4,Graduate,Married,$120K +,Blue,21,3,2,3,1438.3,892,546.3,0.2890577310846234,3221,49,2.9883122932479615,0.3139848444360359
1179,46,M,1,Graduate,Single,Less than $40K,Blue,26,5,3,0,25665.827819900365,2030,23635.827819900365,0.7097820172075014,1860,39,0.0,0.0
1180,52,M,1,Graduate,Unknown,$80K - $120K,Blue,34,4,1,6,13857.976419866653,596,13261.976419866653,1.4527445152053002,5872,104,0.11153774567020686,0.14012963093998396
1181,55,F,4,Uneducated,Single,Less than $40K,Blue,40,2,3,5,1438.3,9,1429.3,1.7445496509008653,2193,61,0.049363194080459194,0.2009977502464304
1182,67,M,0,Unknown,Married,$60K - $80K,Blue,28,4,2,4,4837.753807388094,533,4304.753807388094,0.498071963441663,2562,58,0.0,0.4171687019739653
1183,46,M,1,Graduate,Single,Less than $40K,Blue,22,4,3,5,12861.276143953033,417,12444.276143953033,0.2245458442469902,5278,80,0.43359887340997455,0.5244305799514688
1184,48,F,0,High School,Married,Less than $40K,Blue,36,4,0,1,8198.927375392494,618,7580.927375392494,1.0196510414678923,4406,54,0.0,0.31723321921363856
1185,41,M,1,Graduate,Single,$80K - $120K,Blue,24,3,1,0,11548.01408793279,126,11422.01408793279,0.0,6936,70,0.0,0.0
1186,33,M,1,Graduate,Married,$120K +,Blue,39,4,4,2,1438.3,1739,3.0,0.0,4744,61,0.0,0.15016790452561407
1187,50,F,3,Graduate,Married,$120K +,Blue,23,3,2,2,1438.3,1409,29.299999999999955,0.0,5056,62,0.0,0.0
1188,41,F,1,Uneducated,Married,$120K +,Blue,29,5,2,3,1438.3,2123,3.0,1.4402308039227247,2849,53,0.020196955703839947,0.31597805893945413
1189,50,M,4,High School,Married,$40K - $60K,Blue,22,1,2,3,26019.932993485396,0,26019.932993485396,1.332483091196539,5925,83,0.14042133386665223,0.03768984088847313
1190,43,F,1,Graduate,Single,Less than $40K,Blue,36,1,2,5,9251.950363265463,0,9251.950363265463,0.0,3265,42,0.228176676355136,0.0
1191,54,M,1,High School,Single,$40K - $60K,Blue,46,5,0,2,11793.33815356595,0,11793.33815356595,0.0,7445,107,1.1758966920488887,0.0
1192,39,M,2,Unknown,Single,Less than $40K,Blue,35,5,0,3,17197.057329411,0,17197.057329411,0.6978634033963631,7350,102,1.8177921020455132,0.14459351862208034
1193,67,F,5,Graduate,Married,$60K - $80K,Blue,28,3,4,3,12794.981969900971,187,12607.981969900971,0.0,744,10,0.0,0.0
1194,46,F,3,High School,Divorced,$80K - $120K,Blue,29,3,4,3,1438.3,0,1438.3,0.0,5224,65,0.37875017801053024,0.376206791656585
1195,58,M,3,Graduate,Married,Less than $40K,Silver,43,2,0,0,6071.70307294357,227,5844.70307294357,0.27983687286491715,5398,72,1.2737789493825953,0.06428997739505533
1196,63,M,1,Graduate,Married,Less than $40K,Blue,16,3,4,5,9469.174773283376,1879,7590.1747732833755,0.9589347969393722,2335,36,0.5428586773327015,0.28826767713597745
1197,49,M,3,High School,Single,Less than $40K,Blue,43,5,5,4,17121.02959151402,196,16925.02959151402,0.9351538245080828,6474,90,1.3479778862671061,0.0
1198,45,M,2,Unknown,Married,Unknown,Blue,23,5,5,0,23124.314430757302,1369,21755.314430757302,0.03888815304042337,3144,53,0.23975547374051648,0.0
1199,39,F,3,High School,Divorced,$80K - $120K,Blue,24,3,0,2,13347.007353867233,905,12442.007353867233,0.0,2137,41,1.9481097672982592,0.04432946880091017
1200,56,M,0,Graduate,Married,Less than $40K,Blue,29,4,0,2,1438.3,0,1438.3,0.30118809815858566,6017,76,0.0,0.2265718328050495
1201,34,M,2,College,Single,$120K +,Blue,56,4,0,4,3911.566937333987,1429,2482.566937333987,2.153859907038446,1255,28,0.3384801601315579,0.17134716899983
1202,50,F,5,Unknown,Married,Less than $40K,Blue,26,3,0,6,1438.3,0,1438.3,1.4483411950529603,4106,63,0.0,0.2100906227845496
1203,54,F,4,Uneducated,Unknown,$80K - $120K,Blue,44,5,3,0,12044.595818330088,575,11469.595818330088,0.0,3174,37,3.4451261939534716,0.20758697193158643
1204,35,M,0,Doctorate,Married,Unknown,Blue,29,2,0,3,1438.3,885,553.3,0.0,510,10,0.9475024689668217,0.4237186560187043
1205,37,F,1,High School,Divorced,$60K - $80K,Blue,43,2,0,3,1438.3,125,1313.3,0.0,3335,72,0.33819322140101515,0.0
1206,46,M,5,Graduate,Married,$40K - $60K,Blue,48,5,1,6,6255.858377112254,143,6112.858377112254,0.017642216886853412,3067,63,1.955780035403592,0.999
1207,59,M,4,Graduate,Single,$120K +,Blue,31,1,1,1,19122.723906107705,1164,17958.723906107705,1.4076384699485973,4200,45,0.0,0.4171847541840881
1208,40,F,0,Uneducated,Married,Less than $40K,Silver,45,3,6,6,1438.3,868,570.3,0.0,3751,74,1.0097002450811485,0.0
1209,49,F,3,Graduate,Unknown,$40K - $60K,Blue,39,4,0,6,13810.053846398088,2517,11293.053846398088,0.0,3068,32,0.0,0.06409514496610168
1210,39,M,2,Graduate,Married,Less than $40K,Blue,30,4,6,4,20073.2240395045,535,19538.2240395045,1.1899661375290962,2799,54,0.0,0.33271998993759944
1211,53,F,0,Uneducated,Divorced,Less than $40K,Blue,52,5,3,4,1438.3,1329,109.29999999999995,0.0,4208,59,0.0,0.14514556119448419
1212,37,M,0,Unknown,Divorced,$120K +,Blue,46,6,4,4,1438.3,0,1438.3,2.81126686869752,1786,34,0.0,0.0
1213,60,M,2,High School,Single,$80K - $120K,Blue,42,2,2,2,27777.493732611227,1262,26515.493732611227,0.0,1163,25,1.78643206765489,0.061866466035110514
1214,34,F,4,Graduate,Divorced,Less than $40K,Blue,33,3,0,2,9654.821429834665,644,9010.821429834665,0.0,3519,46,0.6038107052978448,0.0
1215,51,F,1,Graduate,Married,$120K +,Silver,28,5,0,3,1438.3,797,641.3,0.0,1552,19,0.0,0.1992803824635337
1216,54,M,1,College,Single,$80K - $120K,Blue,35,3,4,2,1438.3,0,1438.3,0.0,689,10,0.9360179915660908,0.0
1217,52,M,2,Graduate,Married,$80K - $120K,Blue,37,4,2,5,11845.299353901984,710,11135.299353901984,0.7948576587475709,2347,45,0.713458484395262,0.0
1218,52,F,2,College,Married,$60K - $80K,Blue,25,4,5,6,13593.699728630749,1428,12165.699728630749,0.5421921780318317,2207,28,1.8795039453053946,0.7229222220762868
1219,46,F,2,Uneducated,Married,$80K - $120K,Blue,40,6,1,1,1438.3,0,1438.3,0.35090059262400936,3503,51,0.0,0.0
1220,40,F,2,High School,Single,Unknown,Blue,26,3,2,2,11474.179880207048,348,11126.179880207048,0.0,6318,80,0.0,0.999
1221,58,M,1,Graduate,Single,Less than $40K,Blue,45,2,0,3,19921.90684180019,432,19489.90684180019,0.0,3354,36,0.0,0.2018914822235373
1222,38,M,3,High School,Single,Less than $40K,Blue,35,2,4,2,4441.391852684714,0,4441.391852684714,1.7805049694947779,2421,43,2.28888067577611,0.0
1223,46,M,1,Graduate,Single,$80K - $120K,Blue,40,2,2,5,1438.3,1154,284.29999999999995,1.0192261207438633,6764,75,2.6102091102424487,0.21149338906580153
1224,43,M,2,High School,Married,Less than $40K,Blue,50,6,4,5,1438.3,416,1022.3,0.0,4112,65,0.0,0.0
1225,56,M,0,High School,Married,Unknown,Blue,33,3,1,0,1438.3,1995,3.0,0.0,7259,99,0.8622633585295636,0.5911533123581012
1226,46,M,3,High School,Married,Unknown,Blue,34,5,3,0,13839.999873535995,1792,12047.999873535995,1.5047504203015254,583,10,0.0,0.03312141825153947
1227,39,F,1,Unknown,Unknown,Less than $40K,Blue,32,4,1,1,1438.3,720,718.3,0.20641932798441492,2426,57,0.06784601345214747,0.6308956433624012
1228,47,F,3,Graduate,Married,$40K - $60K,Blue,26,2,1,6,11972.217898666548,1266,10706.217898666548,0.41481116473955426,6491,75,2.276265953597692,0.0
1229,53,F,2,Graduate,Unknown,$40K - $60K,Blue,40,4,0,5,7812.5513781340505,437,7375.5513781340505,1.555665389979814,523,10,0.0,0.0
1230,46,M,3,Doctorate,Single,Less than $40K,Gold,19,5,3,2,4059.7542231526113,729,3330.7542231526113,0.15872126831784006,6325,96,1.0119764230139803,0.0
1231,48,M,4,Graduate,Single,Unknown,Blue,36,3,0,1,9392.942688455572,1105,8287.942688455572,0.7880542718352316,3827,69,0.5302481193338885,0.34710508256454253
1232,41,F,2,Graduate,Divorced,$40K - $60K,Silver,38,2,2,0,1438.3,2517,3.0,1.773327361779089,3441,56,0.18328306409374207,0.5503350189141973
1233,55,M,2,Graduate,Single,Less than $40K,Blue,44,1,1,4,13831.044729118155,858,12973.044729118155,0.3802108637807186,3879,54,0.5245415975833669,0.19417093496764318
1234,35,F,5,Unknown,Married,$80K - $120K,Blue,34,3,6,4,21836.575057607588,367,21469.575057607588,0.0,1178,23,1.8329264919008792,0.7631151053154522
1235,27,F,0,Graduate,Married,$80K - $120K,Blue,33,4,3,0,12736.229751404506,1101,11635.229751404506,1.2273097547173664,900,19,1.1985143127556515,0.09164951414956651
1236,39,F,2,Graduate,Divorced,Less than $40K,Blue,40,5,0,3,1438.3,465,973.3,1.6542594230166145,5929,78,0.0,0.17053703301937487
1237,46,F,3,Graduate,Married,Less than $40K,Blue,43,2,3,0,2799.6076983498397,1263,1536.6076983498397,2.4903148528881056,2895,52,0.07543609672712837,0.0
1238,38,F,4,Graduate,Married,Less than $40K,Blue,35,2,0,3,1564.474271009276,1328,236.47427100927598,0.0,3718,54,1.8095310339853867,0.6935268546686234
1239,57,M,2,Unknown,Married,$40K - $60K,Blue,36,2,0,4,11442.842210955394,2133,9309.842210955394,0.0,5454,85,0.23058877756097984,0.0
1240,35,M,1,Unknown,Single,$40K - $60K,Blue,41,3,0,5,22199.37976863606,1040,21159.37976863606,0.0,1123,18,0.19332927299829888,0.0
1241,47,M,1,College,Unknown,$60K - $80K,Blue,23,5,5,6,7162.783541372735,0,7162.783541372735,1.4380657983048304,1877,35,0.0,0.999
1242,46,F,3,Unknown,Married,$80K - $120K,Blue,48,5,6,1,1438.3,0,1438.3,0.0,5939,85,0.20843900574430918,0.0
1243,40,M,1,Unknown,Unknown,Less than $40K,Blue,43,4,1,0,7860.136143368081,956,6904.136143368081,2.3482908671472082,4113,58,2.313498898696193,0.4079809975937277
1244,55,M,1,Graduate,Married,Less than $40K,Blue,35,3,1,6,8074.819580726622,0,8074.819580726622,2.2407269128476033,2771,59,0.0,0.8213258985773059
1245,54,M,4,High School,Married,Less than $40K,Blue,38,5,5,5,19818.166254495693,0,19818.166254495693,0.0,2384,38,2.291250503601647,0.3780417546800583
1246,49,F,0,High School,Single,$120K +,Blue,40,3,0,3,5521.375233261537,0,5521.375233261537,0.47891189483876895,3273,43,1.2731593850697323,0.0
1247,47,F,0,Graduate,Single,$60K - $80K,Blue,30,4,1,0,13012.872850314761,1251,11761.872850314761,0.8653156932665237,3024,76,1.2345851427320158,0.3859016131295715
1248,43,F,1,Unknown,Married,$80K - $120K,Blue,28,2,2,6,11658.6741709438,0,11658.6741709438,1.9928517583778431,2779,40,1.3918880146505312,0.0
1249,71,M,3,Unknown,Divorced,Less than $40K,Blue,25,4,0,5,1851.9680605995309,198,1653.9680605995309,1.0604677345728901,4389,53,0.0,0.0
1250,41,M,1,High School,Married,Unknown,Blue,32,5,1,0,1438.3,221,1217.3,1.539122721290756,2644,33,0.0,0.09162275090414465
1251,34,F,4,College,Married,$120K +,Blue,54,6,3,5,9404.329847295021,997,8407.329847295021,0.5888131804108424,2531,38,2.043168480090517,0.6281325025831861
1252,57,F,2,Doctorate,Married,Less than $40K,Blue,42,4,1,5,2405.279358659447,1044,1361.279358659447,0.0,688,10,1.3756342914241548,0.17254875166808084
1253,58,M,4,Post-Graduate,Single,$40K - $60K,Silver,35,4,3,2,1438.3,0,1438.3,1.884119776766077,2192,35,0.6016721670240512,0.1543614999974655
1254,46,M,2,Unknown,Married,$120K +,Blue,38,6,3,1,21295.818317598936,183,21112.818317598936,1.862115016536926,1000,16,0.0,0.00017665412065770436
1255,56,F,1,Unknown,Married,$60K - $80K,Blue,24,3,3,3,14245.692591922707,2517,11728.692591922707,0.0,1366,21,0.0,0.0
1256,47,F,5,Graduate,Married,$120K +,Blue,20,4,3,1,1438.3,0,1438.3,1.35869325354557,3086,41,0.0,0.20476345188217832
1257,27,F,3,Uneducated,Single,Less than $40K,Blue,41,2,6,3,2091.25746934964,0,2091.25746934964,1.3195852671720791,1790,26,0.2731591838586106,0.38739231436460997
1258,55,F,2,High School,Married,$60K - $80K,Blue,37,6,3,4,11833.539161227305,894,10939.539161227305,1.6204502906228853,2376,30,0.5726468048807705,0.0
1259,45,F,2,Post-Graduate,Married,$60K - $80K,Blue,46,4,1,4,6387.049370807763,473,5914.049370807763,3.397,3186,60,0.0,0.5180157674029047
1260,42,M,3,Graduate,Unknown,$40K - $60K,Blue,38,3,2,2,16198.426728329825,449,15749.426728329825,1.4977786012037795,1764,50,1.322396869137466,0.8244198042429014
1261,40,F,2,Unknown,Married,$60K - $80K,Blue,37,2,2,2,14618.778256422394,173,14445.778256422394,2.1465910700154804,4190,68,0.14579867035431326,0.9158014068123522
1262,49,M,1,Graduate,Married,$40K - $60K,Blue,29,5,2,4,6248.8515996489605,256,5992.8515996489605,0.0,5050,77,0.0,0.0
1263,27,F,5,Graduate,Divorced,$60K - $80K,Blue,39,5,6,3,11262.081278896621,1369,9893.081278896621,0.0,1920,23,0.3454830284201247,0.0
1264,41,M,5,High School,Divorced,Less than $40K,Blue,44,6,0,0,5614.394117575668,809,4805.394117575668,0.5186829438477755,2008,32,0.3423817300393475,0.002713394757884291
1265,47,M,2,Unknown,Married,$60K - $80K,Blue,43,3,4,0,18279.447452091772,837,17442.447452091772,2.3307112740262204,2725,46,0.0,0.0
1266,52,F,4,Uneducated,Married,$60K - $80K,Blue,48,3,3,0,4477.496715752846,114,4363.496715752846,0.0,1169,25,0.0,0.571766182924248
1267,43,F,5,Graduate,Single,$80K - $120K,Blue,34,2,2,6,16112.528149250156,1360,14752.528149250156,1.3254372920426283,5322,76,1.7554057724279137,0.34675496426771046
1268,38,M,4,Graduate,Unknown,$120K +,Blue,41,4,1,4,14393.149684026776,653,13740.149684026776,0.35152703536414803,4770,84,1.2891263975920877,0.0
1269,43,F,3,Graduate,Married,$40K - $60K,Blue,38,1,1,1,1841.0654869652662,279,1562.0654869652662,1.093074703173613,3683,42,0.5497614269203057,0.45220587248910554
1270,38,F,1,Uneducated,Single,Less than $40K,Silver,17,6,2,2,8564.352946032983,0,8564.352946032983,0.0,5706,100,1.2359106401979414,0.0
1271,44,M,0,Post-Graduate,Married,Less than $40K,Blue,36,3,2,0,4624.0894596867865,1788,2836.0894596867865,0.0,4162,57,0.0,0.12669002684579608
1272,49,F,0,Unknown,Married,$80K - $120K,Blue,32,4,3,2,8129.708522290062,88,8041.708522290062,0.5767908053899733,2804,30,0.2645687522647244,0.432149914243385
1273,54,M,2,Graduate,Single,$120K +,Blue,46,1,2,3,16247.740354751742,0,16247.740354751742,0.0,7765,86,0.21596344838694082,0.0
1274,58,M,0,Unknown,Single,$60K - $80K,Blue,22,5,0,2,2935.366682550677,518,2417.366682550677,1.3508835185418133,1564,43,0.0,0.051734667186182845
1275,50,M,2,Post-Graduate,Married,$60K - $80K,Blue,37,4,5,5,16378.69829015152,223,16155.69829015152,1.2059452747620139,2428,62,0.0,0.030086289755074325
1276,37,F,2,Unknown,Single,$60K - $80K,Blue,36,2,5,5,6690.7627884891135,0,6690.7627884891135,0.10857818019320564,685,13,0.9440047265567815,0.4012884692353351
1277,36,F,2,Doctorate,Married,Less than $40K,Blue,34,5,3,4,13910.427372862887,361,13549.427372862887,0.13143554096993015,4645,78,0.0,0.3787621516300811
1278,45,F,4,College,Married,$80K - $120K,Blue,23,5,1,6,6511.74112728354,400,6111.74112728354,0.5343833455590744,1471,23,0.07194532203578591,0.0
1279,42,M,3,College,Single,$40K - $60K,Blue,16,2,3,2,21829.685826267334,1594,20235.685826267334,1.7842917945978376,1191,26,0.0,0.0
1280,47,F,0,High School,Married,$60K - $80K,Blue,42,5,6,4,4496.945068185845,297,4199.945068185845,0.0,4689,66,0.40266558555928067,0.05156973492914253
1281,51,F,0,Uneducated,Married,$40K - $60K,Blue,27,3,4,4,1438.3,1700,3.0,0.0,1584,35,3.3612665669596806,0.31657720017655183
1282,48,F,0,Graduate,Single,$40K - $60K,Blue,36,3,1,3,1438.3,1305,133.29999999999995,1.2716389140791164,1815,23,0.0,0.0
1283,47,M,4,Graduate,Married,$120K +,Blue,25,3,4,0,1438.3,763,675.3,2.1620622944631225,2938,43,0.29827833154817524,0.06328959677902828
1284,45,F,1,Uneducated,Single,Less than $40K,Blue,31,2,5,4,2076.807683528511,707,1369.807683528511,0.0,4192,55,0.0,0.0
1285,43,F,4,Unknown,Unknown,Less than $40K,Blue,17,4,6,6,28658.202887507963,288,28370.202887507963,0.6723712714120541,1778,27,2.34837928981178,0.0
1286,63,F,3,Graduate,Married,Less than $40K,Blue,31,4,6,6,1971.9425790381256,2517,3.0,0.779485017706427,1879,34,0.7917691486328017,0.48903426901499375
1287,47,M,2,High School,Divorced,$40K - $60K,Blue,46,4,3,5,4489.703053727465,479,4010.703053727465,0.07417086503991344,1028,14,3.1346465108502173,0.32835998331582406
1288,50,F,4,Uneducated,Married,Less than $40K,Blue,27,5,3,5,12647.688656092163,789,11858.688656092163,1.1471402662602506,6540,89,0.0,0.0
1289,60,F,0,Graduate,Single,$40K - $60K,Blue,26,3,5,0,9829.850301705452,481,9348.850301705452,0.0,7050,91,1.6314368390995844,0.0
1290,48,M,4,Graduate,Divorced,Less than $40K,Blue,39,6,1,5,10293.043883044966,1247,9046.043883044966,0.9301525803369983,636,10,1.4330947995288141,0.049865870083110594
1291,50,F,1,Doctorate,Married,$40K - $60K,Blue,33,3,4,4,9651.546697936305,611,9040.546697936305,0.28855406073437934,2027,59,1.9443397525150066,0.1273044014962334
1292,57,F,1,Unknown,Married,$60K - $80K,Blue,37,3,6,3,1438.3,0,1438.3,1.6924863938137378,6758,62,0.0,0.32939282405175907
1293,55,F,2,High School,Married,Less than $40K,Blue,29,6,0,1,1438.3,653,785.3,0.0,2392,41,2.0666150349239745,0.3068198708516537
1294,27,F,3,Unknown,Single,$40K - $60K,Blue,41,1,2,1,10984.664124334191,0,10984.664124334191,1.2284142507135636,2103,47,0.0,0.0
1295,39,M,0,Unknown,Married,Less than $40K,Blue,45,4,0,6,15097.013833507157,253,14844.013833507157,0.0,4909,99,0.8984183200215458,0.0405665532933165
1296,41,F,1,Doctorate,Single,Unknown,Blue,44,4,4,1,25043.9025252044,0,25043.9025252044,1.9395336672794057,3258,52,1.3887935189033862,0.0
1297,51,F,1,Unknown,Single,Less than $40K,Blue,33,4,2,6,28568.856583205725,568,28000.856583205725,0.6896740342087436,4543,82,0.009124085983328811,0.7701679987953617
1298,37,M,3,High School,Single,Less than $40K,Blue,27,6,4,4,1438.3,695,743.3,2.1953111047246976,795,10,0.4948899944000892,0.2030098765741704
1299,47,M,3,Unknown,Divorced,$60K - $80K,Blue,41,6,1,3,19007.87346755369,42,18965.87346755369,0.16998090538512334,6615,88,1.1938027183779274,0.14779003670928456
1300,59,M,3,Graduate,Single,$120K +,Blue,34,3,3,4,1438.3,0,1438.3,0.0,5282,72,0.7825305675502136,0.08106833017732856
1301,55,M,2,Doctorate,Divorced,$80K - $120K,Blue,30,3,2,3,8722.828015903779,934,7788.828015903779,0.11530010749384167,5513,68,0.25080565279823364,0.0054164650208681775
1302,26,M,2,Graduate,Married,$40K - $60K,Blue,37,4,4,3,17863.787231121685,356,17507.787231121685,2.057163865310443,2929,40,2.1638391058015376,0.0
1303,49,M,3,Unknown,Single,$120K +,Blue,45,5,5,1,10924.07854371781,698,10226.07854371781,1.8173034426618582,2676,45,0.533204451495011,0.43676116859739117
1304,39,F,1,Unknown,Married,$60K - $80K,Blue,56,1,0,4,27679.20465189696,0,27679.20465189696,1.5137874954590205,2834,72,0.34388134640119805,0.012395185044055401
1305,47,F,5,Doctorate,Single,$40K - $60K,Blue,39,1,3,4,13287.723345445864,1224,12063.723345445864,2.3061538053337625,2098,36,1.6041778197888767,0.0
1306,40,F,0,Graduate,Single,$40K - $60K,Blue,49,3,4,6,1438.3,2281,3.0,0.0,4836,75,0.8847712637682894,0.0
1307,40,F,0,Graduate,Unknown,$80K - $120K,Blue,29,1,3,2,24865.728838683077,410,24455.728838683077,0.0,3276,50,0.0,0.0
1308,49,F,4,Unknown,Single,$80K - $120K,Blue,42,4,2,3,24723.587701758333,1503,23220.587701758333,0.2047042471490097,2481,47,1.3881804284977344,0.07371942734999778
1309,57,F,5,Graduate,Unknown,$40K - $60K,Blue,39,4,2,6,3620.746578262939,1424,2196.746578262939,1.0120915769592655,2552,43,1.1463375291261122,0.0
1310,55,M,2,Post-Graduate,Married,Less than $40K,Blue,28,4,0,0,1438.3,0,1438.3,0.9264573341948219,2148,33,0.0,0.5724864973149035
1311,40,M,5,Post-Graduate,Married,Less than $40K,Blue,55,5,4,4,14698.801693665497,0,14698.801693665497,0.38779600469145836,4399,62,0.0,0.33546830298382757
1312,46,F,2,Graduate,Married,$120K +,Blue,30,4,5,1,18335.247723218985,2347,15988.247723218985,2.659671684947204,2195,29,0.0,0.0
1313,45,F,2,Graduate,Married,$40K - $60K,Blue,28,2,4,3,1438.3,465,973.3,2.5178918175730067,5130,64,1.6850337325881033,0.0
1314,38,M,0,Unknown,Single,Less than $40K,Blue,32,4,5,6,7309.102562680959,0,7309.102562680959,0.0,4415,70,1.382747709260382,0.401658988281354
1315,55,M,0,Graduate,Divorced,Less than $40K,Blue,48,4,3,3,16782.812926289946,1759,15023.812926289946,0.0,1503,37,0.0,0.0
1316,39,M,2,Unknown,Divorced,$60K - $80K,Blue,19,3,2,4,1438.3,1768,3.0,1.660851187770894,2019,24,0.0,0.04000935723231752
1317,32,M,3,Graduate,Unknown,Less than $40K,Blue,36,3,4,6,1438.3,0,1438.3,1.4063462898438224,5574,72,0.6654083152365224,0.0
1318,42,F,4,High School,Single,Less than $40K,Blue,45,1,4,3,11408.431788899998,55,11353.431788899998,1.3424536068776947,1728,25,0.4591427148010021,0.0
1319,31,F,1,High School,Single,Less than $40K,Blue,40,2,1,3,19006.666282645543,328,18678.666282645543,1.0156040953480763,6597,96,0.5436981531610173,0.9164302034282235
1320,44,F,2,Graduate,Married,Unknown,Blue,28,4,4,3,25713.76531129369,1933,23780.76531129369,0.0,5444,72,0.0,0.3989849692794074
1321,46,M,1,High School,Unknown,Unknown,Silver,27,5,2,4,9631.13223868123,0,9631.13223868123,0.5115090680852543,6568,78,0.7845905919963527,0.42892620256846176
1322,49,M,3,High School,Married,Unknown,Blue,29,2,6,4,1438.3,0,1438.3,0.0,5241,77,1.868513261745229,0.09804941285255538
1323,56,M,2,Graduate,Single,$40K - $60K,Blue,17,4,2,3,3346.421859773769,1875,1471.421859773769,2.3870999394129675,2716,57,0.1747402826201444,0.2816701658212706
1324,49,F,4,Unknown,Married,Less than $40K,Blue,24,3,0,4,1438.3,1455,3.0,0.469691932927726,3725,66,0.735075311282164,0.0708551800219582
1325,43,F,2,Graduate,Divorced,Unknown,Blue,45,2,2,0,7717.146157958883,2517,5200.146157958883,0.0,3247,61,1.4198272612324607,0.1799050141506093
1326,54,M,1,Graduate,Married,Less than $40K,Blue,23,2,3,0,26277.833294227665,1388,24889.833294227665,1.018370836704631,4860,88,0.17982016171798498,0.4899453513408758
1327,45,M,2,High School,Unknown,Unknown,Blue,39,1,2,5,22214.11017201787,1408,20806.11017201787,0.8431400214403649,2037,44,1.2226361124675615,0.5056340392970188
1328,40,F,3,High School,Single,Unknown,Blue,32,2,2,0,26562.033789943125,581,25981.033789943125,0.0,7834,123,1.6559162248965387,0.0
1329,42,F,2,High School,Married,$120K +,Blue,39,2,3,6,1438.3,408,1030.3,1.3451073262537756,3681,65,0.0,0.25928522987322494
1330,42,M,4,Graduate,Divorced,$120K +,Blue,36,3,6,3,5343.835500234864,433,4910.835500234864,0.20091039840593894,4941,74,0.0,0.0
1331,37,M,0,Unknown,Single,Less than $40K,Blue,32,4,0,6,16702.83801211625,603,16099.838012116252,1.3409287449296543,5829,82,2.2192052771972066,0.035988523058648775
1332,38,F,3,Uneducated,Single,$60K - $80K,Blue,31,2,0,2,9076.690279149128,924,8152.690279149128,1.004105060236449,1290,29,0.7001780230126091,0.012486306331607688
1333,58,F,2,Unknown,Married,$40K - $60K,Blue,40,2,3,4,1438.3,201,1237.3,0.0,2900,34,0.9408996733001194,0.09298326119434905
1334,54,F,5,Uneducated,Married,Less than $40K,Blue,37,6,5,5,20918.398058393796,691,20227.398058393796,0.0,1139,16,1.667201308084815,0.17741077126217422
1335,47,F,1,High School,Married,$80K - $120K,Blue,32,4,0,6,15364.406111173163,2517,12847.406111173163,0.0,6907,97,0.8929228098196997,0.2935563956589867
1336,62,M,1,Unknown,Single,$80K - $120K,Blue,31,2,4,4,8353.538982711778,1188,7165.538982711778,0.4841792188617859,1525,61,1.319791635663755,0.0
1337,60,M,0,High School,Single,Less than $40K,Blue,31,2,2,0,17953.67589824758,1034,16919.67589824758,0.0,2468,41,0.0928339617698184,0.0
1338,49,F,3,Graduate,Married,Unknown,Blue,17,2,2,5,27178.056365301352,0,27178.056365301352,2.0355643988656267,2270,37,0.0,0.8593187627614067
1339,44,F,4,Graduate,Married,$40K - $60K,Blue,44,6,1,2,4300.384555542283,2167,2133.384555542283,1.8030388689262022,812,16,0.0,0.1418651327310368
1340,40,F,4,Uneducated,Married,$80K - $120K,Blue,40,1,4,6,10896.471815544986,647,10249.471815544986,1.1794683493061473,6299,86,1.9664341736468698,0.5095897592374945
1341,43,F,4,High School,Single,$80K - $120K,Blue,24,1,1,4,14200.165310574634,1243,12957.165310574634,0.8445923277627242,1926,34,1.445612440740513,0.283325882440897
1342,30,F,2,Graduate,Married,Unknown,Blue,31,3,2,3,5401.243373492731,0,5401.243373492731,0.0,4149,43,0.0,0.3314323265629159
1343,45,F,5,Graduate,Married,$40K - $60K,Blue,30,3,2,5,1438.3,1579,3.0,0.5153608969209102,6737,96,0.3028400497646123,0.7624426185749836
1344,35,M,1,Graduate,Married,Less than $40K,Blue,28,3,2,5,11634.906421482181,0,11634.906421482181,0.0,9928,100,1.6428919936877273,0.0
1345,69,M,1,Uneducated,Single,Unknown,Blue,31,2,0,5,7145.355108101453,727,6418.355108101453,0.5236330540314376,3319,64,1.1419147312794915,0.0
1346,54,F,2,Unknown,Single,Unknown,Blue,32,4,0,0,1438.3,119,1319.3,0.7442386494133545,1595,25,0.0,0.14422802648347827
1347,47,M,0,Graduate,Divorced,Less than $40K,Blue,44,3,0,6,9043.58481708127,1212,7831.58481708127,0.5182400376850561,8292,112,1.8349985355190954,0.0
1348,55,M,2,College,Married,Unknown,Blue,42,6,1,0,11925.87250560967,0,11925.87250560967,0.0,4137,64,0.0,0.27445587040926206
1349,68,M,1,Graduate,Married,$80K - $120K,Blue,28,4,3,6,1438.3,683,755.3,0.08188653992576456,6319,89,0.3836232583722664,0.3004553993997644
1350,36,F,3,Graduate,Married,$40K - $60K,Blue,49,4,3,0,1438.3,0,1438.3,0.6040548948796647,6376,76,0.0,0.0
1351,46,M,0,Graduate,Single,$80K - $120K,Blue,21,1,2,6,26376.31066893219,1158,25218.31066893219,1.1949572405047206,3794,60,1.328122696035361,0.0
1352,50,M,0,Graduate,Unknown,Less than $40K,Blue,16,3,2,3,34122.75788086001,1206,32916.75788086001,0.9867587782094334,5594,72,0.0,0.42802010238633903
1353,38,M,2,Graduate,Married,Less than $40K,Blue,37,6,3,3,7873.288884524477,0,7873.288884524477,0.07085822480397874,5713,105,1.3611905828230335,0.0
1354,26,F,2,College,Single,Less than $40K,Blue,45,2,2,3,14831.892054728585,1970,12861.892054728585,2.950443442605721,3740,57,0.0,0.18824910117317112
1355,41,M,2,Graduate,Single,Less than $40K,Blue,37,4,6,3,8497.394063307442,368,8129.394063307442,0.17429384562390082,1162,31,0.701413904334642,0.19335214351209395
1356,45,F,3,Uneducated,Married,$80K - $120K,Blue,15,4,2,5,12001.49659212143,0,12001.49659212143,0.0,9560,123,0.1578531116014854,0.0
1357,37,F,1,Uneducated,Divorced,$40K - $60K,Blue,39,3,4,2,12495.91313604679,533,11962.91313604679,0.0,7598,96,0.0,0.0
1358,64,M,1,Graduate,Married,Less than $40K,Silver,40,2,1,1,17052.051160304472,330,16722.051160304472,0.9834859526626784,6152,84,1.4317445998814615,0.0
1359,50,F,5,Uneducated,Married,Unknown,Blue,30,3,6,2,1438.3,605,833.3,0.02451748367807871,3326,54,0.7443782064793532,0.6766821794132539
1360,53,F,1,College,Married,$40K - $60K,Blue,43,3,0,2,1438.3,1399,39.299999999999955,0.6221254373207312,3943,46,0.0,0.1852453791233961
1361,42,F,2,Unknown,Married,$80K - $120K,Blue,33,6,2,0,9789.767627537893,530,9259.767627537893,1.2536488121706655,3152,48,0.15938907214886766,0.7866073696655612
1362,43,F,4,Graduate,Single,$120K +,Blue,56,4,2,0,5105.82665374699,359,4746.82665374699,0.0,3278,40,0.08462748892410665,0.021729139448884854
1363,42,F,3,Graduate,Single,Less than $40K,Blue,23,4,2,1,1438.3,1602,3.0,0.0,4407,85,0.12813321773267328,0.4174209473829967
1364,39,M,5,High School,Divorced,Less than $40K,Blue,24,2,5,6,1438.3,305,1133.3,0.0,749,10,0.3822519061743254,0.0
1365,46,M,3,Graduate,Married,$60K - $80K,Blue,43,4,4,6,12172.844878673268,0,12172.844878673268,1.6949913613369159,5328,99,0.0,0.611059105279995
1366,45,M,1,Unknown,Married,Less than $40K,Blue,26,4,4,0,1438.3,435,1003.3,0.10841748444841048,7565,104,0.9977026207621547,0.0
1367,35,F,1,High School,Single,$120K +,Blue,25,6,4,1,7091.157925130198,0,7091.157925130198,1.7253888081088147,908,12,0.38977064720070137,0.06985659379908647
1368,37,M,0,High School,Unknown,$40K - $60K,Blue,36,2,1,5,10342.537237700337,1526,8816.537237700337,0.47675806710919266,1062,24,0.76895937243064,0.26766277405682115
1369,41,M,2,College,Married,Unknown,Blue,40,4,6,0,11045.819315835004,564,10481.819315835004,0.0,4503,61,0.27627739684929126,0.19918690409033274
1370,53,F,3,Doctorate,Married,Less than $40K,Blue,22,4,2,0,7088.947873020599,1508,5580.947873020599,0.0,8046,88,1.371975358751187,0.6675760394614151
1371,47,M,3,High School,Divorced,$40K - $60K,Blue,30,5,4,6,20078.309100383114,7,20071.309100383114,1.0816169998628786,1192,29,0.0,0.3558097704557279
1372,41,F,1,Graduate,Single,$40K - $60K,Blue,36,4,2,6,1438.3,1087,351.29999999999995,0.8210019403467096,1000,12,1.8327736519671918,0.5166422145894429
1373,40,M,4,Graduate,Married,Unknown,Blue,48,2,4,5,10555.336093049737,658,9897.336093049737,0.8615197357317916,8092,88,0.3806292164682096,0.0
1374,37,F,4,College,Single,Less than $40K,Blue,44,2,0,0,1438.3,967,471.29999999999995,2.358266011091861,797,10,0.34101572145114,0.4928116894646742
1375,44,F,5,College,Married,$80K - $120K,Blue,46,2,5,6,2327.9310976118277,1078,1249.9310976118277,0.05247575569324603,3383,88,0.6144098739426426,0.016001005194957202
1376,29,M,0,Uneducated,Single,Less than $40K,Blue,50,4,1,6,1438.3,137,1301.3,0.37799989535279627,2830,52,1.0880419774658434,0.0
1377,51,M,0,High School,Single,$40K - $60K,Blue,50,3,6,5,16852.617750135145,0,16852.617750135145,0.0,1600,29,1.2753449636574747,0.6375282397634898
1378,26,F,1,Unknown,Married,$60K - $80K,Blue,27,2,6,5,11486.858120373003,0,11486.858120373003,1.0079859370038213,2346,43,1.8569147200912464,0.44680955114077525
1379,38,M,1,College,Married,Less than $40K,Blue,42,4,4,1,1438.3,0,1438.3,0.36669260604110115,3416,48,0.8642850035354506,0.424609264505042
1380,58,F,4,Uneducated,Single,$40K - $60K,Blue,47,5,2,3,1438.3,0,1438.3,0.7159523788395972,3536,53,0.017610289134411983,0.06678455465190909
1381,29,M,0,High School,Single,$40K - $60K,Blue,20,3,0,1,25149.06979661666,0,25149.06979661666,0.2221980807469774,2721,51,1.1920858266846612,0.4155093059761204
1382,33,M,0,Uneducated,Divorced,$60K - $80K,Blue,31,5,4,0,1790.0838295408885,0,1790.0838295408885,0.35340619669989576,6452,87,3.714,0.0294864980160173
1383,47,M,0,Unknown,Single,$80K - $120K,Blue,37,3,4,3,25300.69623415852,180,25120.69623415852,0.0,9412,98,0.0,0.4439223593258744
1384,43,F,4,Graduate,Married,Less than $40K,Gold,40,4,6,6,15812.643285362403,1336,14476.643285362403,1.3039990246568398,1539,30,0.5924753415824935,0.030152428722952998
1385,47,F,1,High School,Single,$80K - $120K,Blue,36,4,0,5,6347.459014975969,790,5557.459014975969,0.15263139210182164,5708,56,3.106599461592241,0.7717497520340924
1386,46,M,2,College,Married,Less than $40K,Blue,29,5,1,5,1438.3,1218,220.29999999999995,0.0,3148,76,1.3630092653573183,0.0
1387,51,F,0,Uneducated,Married,Less than $40K,Blue,31,6,1,6,20162.996073617658,1886,18276.996073617658,0.0,2052,33,0.8032443212565961,0.0
1388,65,M,5,College,Unknown,Less than $40K,Blue,33,3,4,2,8226.313616884636,0,8226.313616884636,0.0,2528,36,2.5003621942114047,0.26182634746562716
1389,26,F,1,Graduate,Unknown,$80K - $120K,Blue,36,3,4,2,14018.228686636541,150,13868.228686636541,0.5580101831186008,1483,23,1.7293111761545528,0.0
1390,49,M,2,Post-Graduate,Married,Less than $40K,Blue,37,3,3,5,1438.3,981,457.29999999999995,1.759476830495761,3710,46,0.0,0.0
1391,51,M,3,Graduate,Married,Unknown,Blue,37,3,4,6,32148.19600763148,177,31971.19600763148,1.075231465864024,1653,24,0.7307995147329901,0.0
1392,43,M,4,Graduate,Single,$80K - $120K,Blue,22,5,1,5,14641.806645824781,1299,13342.806645824781,0.03804691708294472,1966,37,0.0,0.0
1393,38,M,1,High School,Unknown,$80K - $120K,Blue,49,1,6,2,9720.767805072739,142,9578.767805072739,0.20970969352797847,3788,65,1.0025478347330354,0.07950289378447437
1394,57,F,1,Unknown,Married,$40K - $60K,Blue,30,3,1,5,1438.3,956,482.29999999999995,0.0,1732,39,0.0,0.46212959365406503
1395,57,F,2,Graduate,Married,$120K +,Blue,24,3,1,6,17913.526713190902,0,17913.526713190902,1.5228432429192282,5608,73,2.5836874564146193,0.0
1396,52,M,4,Unknown,Married,Less than $40K,Blue,22,1,3,0,12005.189724754551,195,11810.189724754551,0.0,5277,79,3.176048416838781,0.45330448529366324
1397,45,M,5,High School,Married,Less than $40K,Blue,31,3,1,3,19479.75586643322,0,19479.75586643322,0.0,2189,23,0.6431179835671681,0.0
1398,57,F,2,High School,Married,$60K - $80K,Platinum,34,2,4,3,14206.190954846988,1065,13141.190954846988,0.8377219453205555,2491,37,0.374596820722066,0.0686467178953027
1399,60,F,4,Unknown,Divorced,Less than $40K,Blue,27,2,5,3,26786.731932444865,2517,24269.731932444865,0.0,12631,120,0.9772789758355721,0.5267861806611029
1400,62,F,1,Graduate,Single,$40K - $60K,Blue,26,1,6,6,4133.398377138285,0,4133.398377138285,1.0378809436764702,4598,77,0.4969300218185394,0.10370764689475336
1401,53,F,2,High School,Single,$40K - $60K,Blue,29,3,4,5,20015.93600439414,906,19109.93600439414,0.0,3134,52,1.3877512303143373,0.08852696624943258
1402,41,M,0,Uneducated,Divorced,Unknown,Blue,31,1,1,3,14842.548376641978,49,14793.548376641978,0.0,7801,88,1.7742872866359045,0.4743821397455343
1403,43,M,3,College,Single,Unknown,Blue,36,2,0,2,1438.3,149,1289.3,2.248621310491683,3199,40,2.4744541469511057,0.471066358850832
1404,39,F,1,High School,Married,Less than $40K,Blue,35,2,0,1,23412.258185029397,2299,21113.258185029397,3.3036703996933916,2784,31,0.31825980126828907,0.5664582798726242
1405,46,M,1,Doctorate,Married,$40K - $60K,Blue,35,3,2,4,14084.704820117586,0,14084.704820117586,1.719771113767882,510,10,0.0,0.728241852619545
1406,46,F,1,Graduate,Single,$60K - $80K,Silver,32,2,4,0,18568.93365168326,1414,17154.93365168326,0.09046615879086417,4012,50,2.689310330075523,0.08683151811993606
1407,55,F,5,Post-Graduate,Single,$60K - $80K,Silver,36,4,6,3,12311.590710012495,1281,11030.590710012495,0.9802901520989853,685,12,1.3896415699560332,0.23652351490886492
1408,39,M,2,Graduate,Married,$60K - $80K,Blue,45,1,3,1,1438.3,310,1128.3,0.0,7058,76,0.3563900617429249,0.0
1409,43,M,0,Doctorate,Single,$80K - $120K,Blue,53,4,3,5,17083.28071689829,765,16318.28071689829,0.03850983323920554,1356,29,0.0,0.36490171648366704
1410,44,M,2,Graduate,Married,Unknown,Blue,21,2,0,2,13003.93766943792,1946,11057.93766943792,0.0,2071,19,1.5116704825672613,0.15478536213678704
1411,36,F,4,High School,Single,$80K - $120K,Blue,45,3,0,4,14801.760697816011,691,14110.760697816011,0.0,4032,47,0.46693886831697035,0.8137197556493736
1412,45,M,2,Uneducated,Married,Less than $40K,Blue,24,4,2,4,11583.412440856826,132,11451.412440856826,0.5174796497468821,9065,102,2.7368177207392366,0.11241939456037647
1413,47,F,1,Post-Graduate,Married,Less than $40K,Blue,29,4,6,4,11315.145532637853,0,11315.145532637853,3.233055642425449,4143,56,0.0,0.0
1414,47,M,0,Graduate,Married,Less than $40K,Blue,37,4,4,2,8043.356146853866,0,8043.356146853866,0.05294477028894651,1627,19,1.1468624091573032,0.22154054568576237
1415,47,M,4,Graduate,Married,$60K - $80K,Silver,43,2,2,6,9781.166738211337,1999,7782.166738211337,0.389212797068233,3666,41,0.9558482583603676,0.6318222579026607
1416,59,F,3,Graduate,Single,$40K - $60K,Blue,24,2,5,0,7896.143412957097,466,7430.143412957097,2.098811824658916,1942,31,1.4490188981382675,0.35568126312749215
1417,37,M,2,Graduate,Single,Less than $40K,Blue,45,2,2,0,1438.3,443,995.3,2.2444969035669455,4485,60,0.0,0.49234030476233526
1418,71,M,2,Uneducated,Married,$60K - $80K,Blue,21,3,2,5,17674.973869818983,1545,16129.973869818983,0.0,4016,48,1.5760647501208938,0.8145302939224169
1419,59,F,4,Uneducated,Married,$80K - $120K,Blue,32,3,2,6,3927.9455160781226,1820,2107.9455160781226,0.0,7202,97,0.0,0.5305600375277788
1420,48,F,2,Uneducated,Married,Unknown,Blue,42,4,4,3,14206.214661365993,2134,12072.214661365993,1.8994918582738218,510,10,0.8911212358560948,0.0
1421,58,F,5,Post-Graduate,Married,$40K - $60K,Blue,38,2,0,5,1438.3,1602,3.0,1.3353134536691327,6910,79,0.3580478615297492,0.0
1422,46,F,1,Post-Graduate,Divorced,Less than $40K,Blue,37,3,5,6,5018.95883952584,1615,3403.9588395258397,0.27917350309337496,5993,93,0.6258844682933694,0.2811034769113849
1423,39,F,0,High School,Unknown,Less than $40K,Blue,54,2,6,1,1438.3,1478,3.0,0.0,6454,103,0.8905188538030071,0.6804679318862499
1424,58,M,1,Graduate,Single,Unknown,Blue,45,4,2,6,10298.663340903713,920,9378.663340903713,0.3114130549796886,4340,44,1.9555420955861953,0.14456745915151542
1425,55,M,5,High School,Unknown,Less than $40K,Blue,30,5,6,6,1438.3,0,1438.3,0.05465508883039094,4978,94,1.8252108611688227,0.0
1426,58,F,2,Graduate,Married,$60K - $80K,Gold,19,3,3,6,1438.3,180,1258.3,0.0,643,10,0.3572586875567506,0.5490650966664212
1427,35,M,3,Uneducated,Married,$60K - $80K,Blue,24,2,3,1,6342.520195181817,436,5906.520195181817,0.0,8983,139,0.6407595257504658,0.3303943479707362
1428,54,M,4,College,Single,Less than $40K,Blue,32,4,3,3,11705.356222387592,0,11705.356222387592,1.4715943611408755,5683,59,2.038865735021135,0.4273791624003281
1429,38,M,5,High School,Married,$60K - $80K,Blue,29,2,3,5,9711.098708509036,1727,7984.098708509036,0.9885054196371017,3378,51,1.5092266618864338,0.08378651437964468
1430,51,M,4,High School,Divorced,Less than $40K,Blue,48,2,2,6,11498.830161632526,1173,10325.830161632526,0.0,1824,33,1.0856869978241994,0.03235968271322823
1431,35,M,3,Unknown,Single,Less than $40K,Blue,31,4,1,4,1438.3,1846,3.0,1.4858802701917384,2270,35,0.13922665598816275,0.2315746514553717
1432,56,M,1,Graduate,Married,Less than $40K,Blue,38,6,3,1,12334.096082820464,312,12022.096082820464,1.0626887799488127,3264,56,1.7572708712446885,0.5724430106591343
1433,44,M,4,Unknown,Single,$40K - $60K,Blue,31,5,6,3,11392.265233623288,1061,10331.265233623288,1.2227995930583533,3832,58,0.0,0.10449204493242262
1434,64,M,0,High School,Married,$40K - $60K,Blue,40,2,1,4,6560.226553694984,463,6097.226553694984,0.0,4620,65,1.6152995686761549,0.0
1435,46,M,3,Graduate,Unknown,Less than $40K,Blue,46,6,2,4,1438.3,1779,3.0,0.04263003304991386,6985,90,1.6380649526565352,0.7340211040883282
1436,34,F,0,Graduate,Single,$40K - $60K,Blue,31,5,4,3,24163.196399421922,0,24163.196399421922,0.9812710822611013,7318,82,0.628029050885297,0.27889170253126344
1437,43,M,0,Uneducated,Married,Less than $40K,Silver,36,2,2,5,14008.665954610977,1419,12589.665954610977,1.0063487256094534,4284,75,0.0,0.0
1438,41,M,3,High School,Single,Less than $40K,Blue,39,3,5,0,3947.3409162031767,287,3660.3409162031767,0.0,4463,99,0.579159779526776,0.2376765723353752
1439,47,F,4,High School,Single,Less than $40K,Blue,39,6,3,3,21285.60302694788,0,21285.60302694788,0.7603798669357035,2466,36,3.4623371662327993,0.16393625788549748
1440,42,F,4,Graduate,Single,Less than $40K,Blue,24,4,2,2,6422.405048758501,0,6422.405048758501,1.843051792740581,3687,49,0.6412360404373,0.35760089312681376
1441,55,M,3,College,Single,Less than $40K,Blue,40,2,2,6,12297.28850743677,1814,10483.28850743677,0.36256194595233254,4070,96,0.0,0.2611085254580117
1442,29,F,3,High School,Single,$80K - $120K,Blue,44,2,1,2,12379.017273041174,304,12075.017273041174,0.7092059926614697,3080,39,2.1348906406513914,0.3762444713894668
1443,61,F,0,Unknown,Single,Less than $40K,Silver,30,2,3,3,19845.96694127169,1094,18751.96694127169,0.6141323852293937,6975,76,0.0,0.0025082976069991936
1444,59,F,4,Uneducated,Married,Unknown,Blue,42,2,1,6,13131.437833447191,490,12641.437833447191,0.7890656687261445,3396,61,0.0,0.0
1445,53,M,1,Graduate,Single,$80K - $120K,Blue,27,2,6,2,1438.3,2075,3.0,0.6801309067767309,3290,50,1.2852554200581232,0.1965093355724206
1446,57,F,5,Unknown,Married,Less than $40K,Blue,39,4,3,5,22924.924270491625,68,22856.924270491625,0.0,6594,79,1.9780372179270707,0.0
1447,41,M,1,Uneducated,Single,$80K - $120K,Blue,37,5,5,2,1438.3,0,1438.3,0.18209564453000593,1639,28,0.0,0.0
1448,43,F,2,High School,Married,Unknown,Blue,56,3,3,0,1438.3,1052,386.29999999999995,1.0343907904788998,3454,50,0.0,0.0
1449,45,M,3,High School,Single,$80K - $120K,Blue,33,5,4,2,1438.3,0,1438.3,0.20125535442357184,4023,50,1.1996308453339948,0.0
1450,53,M,5,College,Unknown,Less than $40K,Blue,36,1,0,4,1438.3,1701,3.0,1.3911608011298071,3079,38,1.0796019683521973,0.0
1451,33,M,4,Graduate,Single,$80K - $120K,Blue,20,5,2,4,14864.335735292738,741,14123.335735292738,1.8130353307284395,5652,60,1.3667105518243656,0.0
1452,47,F,2,Graduate,Single,Less than $40K,Silver,44,6,3,1,1438.3,1539,3.0,1.0309341952027649,4515,80,1.1694638391738743,0.3935078104407077
1453,42,M,1,Unknown,Single,$40K - $60K,Blue,31,4,4,3,1438.3,1418,20.299999999999955,0.375928283341272,1407,24,0.07295153401264187,0.32782940544545913
1454,39,F,1,Graduate,Single,$60K - $80K,Blue,34,1,4,3,1438.3,0,1438.3,0.0,5547,77,0.0,0.0
1455,44,M,1,College,Married,$40K - $60K,Blue,16,3,1,2,14744.259075532727,232,14512.259075532727,0.0,3400,58,0.3776323859231724,0.0
1456,53,M,2,High School,Married,Less than $40K,Blue,50,6,0,3,1438.3,29,1409.3,0.29945635883919025,3621,46,2.719310641882487,0.9097821578481389
1457,35,F,3,Uneducated,Unknown,Less than $40K,Blue,48,2,3,1,14475.963108820031,0,14475.963108820031,0.17791272279571602,1381,27,1.254591260781328,0.2734363068436889
1458,46,M,5,Doctorate,Divorced,Less than $40K,Blue,29,1,2,5,1438.3,770,668.3,1.1788216816783668,2451,56,1.0843409786047888,0.0
1459,46,F,5,High School,Unknown,Less than $40K,Blue,46,5,5,4,2629.3116266065817,406,2223.3116266065817,0.0,5766,102,3.714,0.0
1460,51,F,5,High School,Single,$120K +,Blue,36,3,0,3,31842.40304473815,710,31132.40304473815,2.081048571646239,2115,30,0.6234760124727491,0.16512082989581003
1461,38,F,1,Unknown,Single,Less than $40K,Blue,42,1,3,0,1438.3,1258,180.29999999999995,0.8408522526301405,727,10,0.021489899849908123,0.41462067836051814
1462,60,F,2,College,Married,$40K - $60K,Blue,13,5,5,3,18986.136406535847,0,18986.136406535847,1.566786051399505,2187,35,0.3743692489223121,0.3541512169279679
1463,52,M,3,Uneducated,Single,Unknown,Blue,46,4,3,3,15215.338450727173,874,14341.338450727173,0.0,6191,79,0.30667781918574044,0.15913054771331214
1464,39,F,5,Graduate,Single,$60K - $80K,Blue,28,4,5,4,1438.3,2517,3.0,1.1292621992821004,4195,55,0.0,0.0
1465,43,M,2,College,Married,Less than $40K,Blue,37,4,3,3,8665.27731145631,33,8632.27731145631,2.001851752142314,3732,60,1.365608074754242,0.9050512957493712
1466,35,F,0,Post-Graduate,Unknown,$40K - $60K,Blue,35,5,6,4,5492.674173301973,1491,4001.6741733019726,0.0,2783,46,2.1342192956727426,0.6151157479531855
1467,51,F,2,Graduate,Single,$80K - $120K,Blue,24,3,0,1,4302.064526230722,1940,2362.0645262307216,0.09042269706932937,2099,43,0.4514889986731947,0.4024677090805839
1468,32,F,3,College,Single,$80K - $120K,Blue,38,6,1,2,1438.3,1805,3.0,0.0,2905,55,0.0,0.18907794366881295
1469,50,F,0,High School,Married,$60K - $80K,Blue,29,3,2,1,14362.643475723695,532,13830.643475723695,0.4238658888158624,1744,26,2.640333180834442,0.5250350054411895
1470,42,F,2,Graduate,Single,Less than $40K,Blue,35,2,2,2,26274.051498402885,0,26274.051498402885,2.20402389044777,2090,29,0.791243972089697,0.3676929430415403
1471,45,M,4,Graduate,Married,Less than $40K,Blue,36,4,1,5,1438.3,1115,323.29999999999995,1.7022999438164828,2986,42,0.0,0.28155056010565704
1472,66,M,0,Unknown,Single,Less than $40K,Blue,38,4,2,5,14126.328252234867,0,14126.328252234867,1.1881864264144064,3181,46,0.5115632269708034,0.0
1473,56,F,4,Unknown,Married,Less than $40K,Blue,41,1,4,2,22471.180247137403,0,22471.180247137403,1.962137302864912,2880,46,0.6965178669657507,0.7061982893596286
1474,37,F,0,Graduate,Single,Less than $40K,Blue,47,4,5,3,6856.52473366675,883,5973.52473366675,0.5308832586397251,4785,64,0.4005383266660992,0.26699091330154356
1475,57,F,3,College,Single,$80K - $120K,Blue,27,3,6,3,1438.3,384,1054.3,0.9308508575914726,4672,65,0.3900846447876686,0.7064753860616506
1476,40,F,4,Unknown,Single,$80K - $120K,Blue,26,1,0,6,11606.799788896868,198,11408.799788896868,0.0,3316,83,0.2915881946417352,0.40384952189656376
1477,42,F,2,Doctorate,Married,$40K - $60K,Silver,39,3,2,3,10910.271606900544,939,9971.271606900544,1.245084008493043,2063,47,0.0,0.0
1478,44,F,5,Uneducated,Married,Less than $40K,Blue,30,4,6,4,9975.901141676606,1022,8953.901141676606,2.2871265594143533,3262,54,0.0,0.0
1479,62,M,0,Graduate,Married,$120K +,Blue,39,3,4,4,5053.094106810754,688,4365.094106810754,0.5070213473356218,6490,67,1.557887956207288,0.2118537655516839
1480,46,F,4,High School,Unknown,$80K - $120K,Blue,35,1,2,1,10039.52028383713,1013,9026.52028383713,0.7858111344993104,1719,32,0.2454327517159316,0.2026778759758276
1481,50,M,2,Graduate,Unknown,Less than $40K,Blue,40,5,0,0,11252.28895040375,1188,10064.28895040375,2.1757895184859897,4389,67,1.2606392183684354,0.8484153098232161
1482,52,M,4,Graduate,Married,Unknown,Blue,39,1,6,4,9035.293818996419,2100,6935.293818996419,0.6598351997893803,3366,49,3.2923249368619274,0.9746157640168414
1483,45,F,5,Graduate,Married,Less than $40K,Blue,26,2,4,1,15838.423189627529,2029,13809.423189627529,1.641294302025079,4016,59,1.0080455142624791,0.36700015124452257
1484,62,M,1,High School,Married,Unknown,Blue,21,6,2,0,6477.019534117183,196,6281.019534117183,1.1774640382838064,3554,39,0.27563217151113467,0.05764350888393849
1485,59,M,1,Graduate,Married,$120K +,Blue,21,2,0,3,5992.957063789345,574,5418.957063789345,1.1961809087020043,2715,30,0.0,0.30296877813406453
1486,47,F,0,High School,Single,Less than $40K,Blue,36,3,4,3,4757.527472895854,1040,3717.527472895854,0.0,3351,42,1.6294845443854342,0.24372228759392528
1487,43,M,4,Graduate,Single,Less than $40K,Blue,38,5,3,4,5172.748409900178,0,5172.748409900178,1.1681700429335162,5459,72,0.6576847269922361,0.18999270305700713
1488,48,F,2,Graduate,Divorced,$120K +,Blue,25,5,6,1,8059.55142574381,1657,6402.55142574381,0.0,1140,25,0.0,0.0
1489,27,F,4,Graduate,Married,Less than $40K,Blue,42,2,3,6,1438.3,261,1177.3,2.5171728668103555,1393,19,0.6752952119867923,0.0
1490,50,F,1,College,Married,$60K - $80K,Blue,27,1,4,6,1438.3,204,1234.3,0.3572142914551702,5372,90,1.1102834670471005,0.316350646313624
1491,42,M,2,College,Single,$60K - $80K,Blue,30,3,2,2,12427.445722210323,2287,10140.445722210323,0.0015193921838920765,5727,77,0.25131348605131243,0.7651342813029721
1492,33,F,4,High School,Married,$80K - $120K,Blue,42,4,3,2,1438.3,473,965.3,0.0,3189,54,2.6582134282102516,0.11674786391321315
1493,38,M,3,Graduate,Married,$60K - $80K,Blue,44,6,4,1,15806.986267146887,1455,14351.986267146887,0.0692053040535211,2626,44,1.5773188893516141,0.17542025292115934
1494,36,M,1,College,Married,Less than $40K,Blue,36,3,5,3,25824.929901697455,244,25580.929901697455,0.0,3519,54,1.515749945844385,0.18457258723227113
1495,42,M,1,Graduate,Married,$40K - $60K,Blue,26,3,2,0,24269.02695957112,1070,23199.02695957112,0.0,1382,27,1.2228403316493435,0.788063363728971
1496,44,F,2,Graduate,Single,$40K - $60K,Blue,37,5,4,5,23548.733199288403,867,22681.733199288403,1.483401081840619,2247,58,1.423350466330818,0.28344143968102914
1497,48,M,0,Graduate,Unknown,Less than $40K,Blue,40,4,6,6,1438.3,78,1360.3,1.204997806009098,2049,57,0.6169285557071515,0.22076534959786573
1498,44,F,2,Unknown,Married,$40K - $60K,Blue,53,2,0,0,14567.31084354006,0,14567.31084354006,0.751280881210126,2635,64,0.45815791517469817,0.38477663247144955
1499,41,F,0,High School,Married,Less than $40K,Blue,33,3,0,6,28238.504472547764,0,28238.504472547764,1.7229022600115529,6140,89,0.0,0.11512389757658992
1500,63,M,3,Uneducated,Divorced,Unknown,Blue,28,3,4,1,3798.6056455383077,960,2838.6056455383077,0.8146293720741404,1170,19,0.0,0.999
1501,52,F,2,Graduate,Married,Unknown,Blue,30,6,5,5,29779.00310969128,0,29779.00310969128,0.738935330438117,3585,50,0.0,0.0
1502,28,F,2,Graduate,Single,Less than $40K,Blue,37,3,5,0,10241.419840315253,1845,8396.419840315253,0.8538053592675767,5235,88,0.0,0.5424768401545814
1503,42,F,5,Graduate,Unknown,$40K - $60K,Blue,44,4,1,1,9865.995523940748,452,9413.995523940748,3.245608655135994,5490,68,0.1791119134515911,0.0
1504,47,F,5,Doctorate,Single,Less than $40K,Blue,28,5,1,5,1438.3,314,1124.3,2.85371788204938,1204,26,0.0,0.0
1505,39,F,2,Uneducated,Single,Less than $40K,Blue,40,3,2,3,1438.3,2517,3.0,0.8411331713060701,5736,72,0.0,0.16592252201993515
1506,43,M,2,High School,Single,Less than $40K,Blue,35,3,2,2,2354.0027008320494,50,2304.0027008320494,0.9429439559005544,1104,18,0.0,0.21198880280542218
1507,44,M,0,Uneducated,Single,Unknown,Blue,39,3,4,0,23522.550386023973,511,23011.550386023973,0.36261727482682354,3145,42,0.0,0.4295980079699116
1508,59,F,5,Uneducated,Single,$80K - $120K,Blue,35,1,3,4,29884.438310321195,0,29884.438310321195,0.5384023818404591,5192,53,1.850437181465233,0.0
1509,56,M,4,Doctorate,Single,Less than $40K,Blue,31,4,1,1,18495.21746310145,961,17534.21746310145,1.059646594940464,2299,43,0.2887676835276889,0.009091297089054817
1510,47,M,2,College,Married,$40K - $60K,Blue,37,2,1,1,19438.18823855232,611,18827.18823855232,0.4639179287087577,1924,31,2.6039063513463376,0.11231085280987013
1511,54,M,3,Uneducated,Single,Unknown,Blue,56,5,3,4,19193.854983480094,1470,17723.854983480094,1.0275445277423487,1875,75,0.0,0.7615738736320182
1512,38,F,3,Unknown,Married,Less than $40K,Blue,37,3,6,6,24619.52187526016,2298,22321.52187526016,0.5810033342628143,8507,139,1.5349402082785772,0.06002432803813207
1513,51,M,1,Uneducated,Married,Less than $40K,Blue,45,4,6,0,9063.864955401972,608,8455.864955401972,2.1809061259198965,3551,62,0.9873298138523628,0.0
1514,48,F,2,College,Single,Less than $40K,Blue,41,3,4,3,17223.170872388873,437,16786.170872388873,0.4844872531813821,5112,100,1.524805124809066,0.2394647613058088
1515,51,M,3,Graduate,Married,$120K +,Blue,56,6,1,6,4591.643574977958,1087,3504.6435749779585,0.7553234807594056,969,11,2.611544056093414,0.1783483860035804
1516,39,F,0,Unknown,Single,Less than $40K,Blue,33,3,4,6,14609.73186483062,368,14241.73186483062,1.0215598262451682,4536,50,1.5134035146476408,0.0
1517,26,F,3,Graduate,Single,$40K - $60K,Blue,18,3,4,3,6951.852408594603,2065,4886.852408594603,2.462224919781166,3486,64,0.7514129766533422,0.23242440929736596
1518,36,M,2,College,Single,$120K +,Blue,38,3,2,2,13448.099714559386,0,13448.099714559386,1.4756901849739497,2214,29,1.2048714871142399,0.0
1519,38,F,2,Graduate,Single,Unknown,Blue,40,3,2,6,4470.535939135148,1379,3091.5359391351476,3.2529297756212556,7329,80,1.397898559737788,0.4022678449055443
1520,43,F,1,Uneducated,Married,$80K - $120K,Blue,52,4,0,0,14664.074740009115,1227,13437.074740009115,0.0,1753,28,0.0,0.0
1521,50,F,3,Unknown,Divorced,Less than $40K,Blue,43,2,0,1,3297.4068622327404,529,2768.4068622327404,0.45113580789680485,1340,22,2.052138908172091,0.999
1522,33,F,2,Uneducated,Married,Less than $40K,Blue,43,5,0,0,17462.895168611813,0,17462.895168611813,1.0575439460906415,2030,28,0.0,0.39179902334942135
1523,37,F,2,High School,Single,$80K - $120K,Blue,38,5,0,2,22177.53442250559,0,22177.53442250559,0.3953666848896232,3409,46,0.831338236194276,0.0
1524,49,F,1,Unknown,Married,Unknown,Blue,27,2,6,0,1438.3,1459,3.0,2.0987298652369977,4730,84,0.0,0.0
1525,59,F,3,Unknown,Married,$40K - $60K,Blue,33,5,0,6,6387.408819682731,478,5909.408819682731,1.3665653561988518,1383,18,0.0,0.0
1526,33,F,1,Graduate,Married,$40K - $60K,Blue,34,3,0,5,1587.124308935333,325,1262.124308935333,0.0,3384,61,0.7792299755268742,0.8588851937548163
1527,33,M,3,Post-Graduate,Married,Less than $40K,Blue,30,1,4,3,1438.3,2517,3.0,1.1860731717688233,3580,61,0.0,0.3687553157794563
1528,40,F,1,High School,Single,$120K +,Blue,39,2,0,5,1438.3,0,1438.3,0.0,710,10,0.0,0.6895958626564376
1529,44,M,5,Graduate,Single,Less than $40K,Blue,28,4,2,4,1438.3,520,918.3,0.23267734982264354,3486,74,0.0,0.0
1530,36,F,5,Graduate,Single,$40K - $60K,Blue,41,4,2,2,8532.833320381777,479,8053.8333203817765,0.0,5111,67,0.1713597216807462,0.0
1531,54,F,3,Doctorate,Single,$80K - $120K,Blue,49,2,0,2,20569.922239732656,1571,18998.922239732656,1.0560874773843336,1107,17,0.49442128639106414,0.4416380274592586
1532,39,F,1,Unknown,Married,Unknown,Blue,34,4,0,2,5589.926168416242,1190,4399.926168416242,0.6601662185286968,794,19,1.619492511473755,0.28234053286833205
1533,45,F,5,Graduate,Married,Less than $40K,Blue,32,2,2,2,15746.721033454667,0,15746.721033454667,0.0,4459,63,1.3298054381827613,0.07322724449806486
1534,46,M,3,Post-Graduate,Married,$60K - $80K,Blue,41,4,5,1,3963.699152779056,720,3243.699152779056,1.8449635276815421,2459,39,0.8851612873763217,0.21689840862569565
1535,47,F,3,College,Single,Less than $40K,Gold,19,1,1,3,8919.638301137138,1419,7500.638301137138,2.3011921400980366,1170,18,0.0,0.1670493166866386
1536,41,F,3,Graduate,Married,$60K - $80K,Blue,44,5,3,4,3872.8593166058226,0,3872.8593166058226,0.32827637839201096,6491,98,0.6674780804059053,0.0
1537,43,F,4,College,Married,Less than $40K,Blue,34,1,5,2,12642.134751077616,457,12185.134751077616,2.418010068755229,6336,80,0.07403968875624223,0.13841428138308795
1538,48,M,0,Uneducated,Divorced,Less than $40K,Blue,36,3,6,3,22667.44291241438,2517,20150.44291241438,0.9413863524746624,2378,46,0.8312833476661903,0.39686092759348224
1539,57,M,5,High School,Married,Unknown,Blue,21,1,5,2,25063.978342310984,1381,23682.978342310984,1.0206947497362213,1695,22,0.0,0.0
1540,26,F,2,Uneducated,Married,$40K - $60K,Blue,39,3,0,2,1438.3,864,574.3,1.6844797354571914,3155,37,1.1136778136306584,0.6060976890751899
1541,49,M,0,High School,Single,Less than $40K,Blue,48,3,3,2,1438.3,0,1438.3,1.0900518620720279,5440,69,0.0,0.38316270284053033
1542,36,F,1,Unknown,Married,$120K +,Blue,39,5,6,3,12340.767570894302,550,11790.767570894302,1.6685701628808842,1915,32,0.0,0.2881931435494356
1543,36,M,0,Unknown,Single,Less than $40K,Blue,56,4,3,4,17982.928289617328,1200,16782.928289617328,0.0,3419,48,0.9901311985308592,0.011596652754281594
1544,55,M,0,Graduate,Married,Less than $40K,Silver,32,5,5,3,27362.657225130526,0,27362.657225130526,0.0,1868,53,2.0465133339271344,0.0
1545,30,F,5,Unknown,Married,$40K - $60K,Blue,50,2,3,0,11555.135921006116,1522,10033.135921006116,0.0,5361,70,0.17140984276599197,0.0
1546,37,F,0,Graduate,Single,Unknown,Blue,48,4,3,1,20402.966783790333,1265,19137.966783790333,0.0,8065,117,0.13763709645822314,0.0
1547,44,M,1,College,Married,$60K - $80K,Blue,34,3,4,6,17264.68388443825,599,16665.68388443825,0.5907891511659924,4438,49,1.3889897064878238,0.079021150305015
1548,58,F,3,High School,Married,Less than $40K,Blue,21,3,2,6,6268.034460528861,2360,3908.034460528861,0.0,5284,65,2.7717277430475105,0.05992957873077223
1549,55,F,2,Graduate,Single,Less than $40K,Blue,44,4,5,3,1438.3,1412,26.299999999999955,0.0,1522,27,0.9605081893387414,0.0
1550,40,F,2,Graduate,Unknown,Less than $40K,Blue,35,3,2,0,13003.455732074457,724,12279.455732074457,0.7309397824455062,1448,23,0.3809441759923728,0.732111097640724
1551,38,F,2,Uneducated,Married,$40K - $60K,Silver,40,2,5,1,6386.946361456074,525,5861.946361456074,0.8278814483050823,1446,28,0.0,0.9691367690345113
1552,36,M,2,Graduate,Married,$40K - $60K,Blue,34,4,4,4,18930.775332483354,989,17941.775332483354,0.0,5614,82,0.0,0.0
1553,44,F,2,Unknown,Married,$120K +,Blue,44,2,4,4,1438.3,0,1438.3,0.4957187440467604,3688,58,1.8407049447105874,0.5064256602012458
1554,40,F,1,Doctorate,Single,Less than $40K,Blue,34,2,1,3,15461.152873524301,0,15461.152873524301,2.4157675879622826,4071,54,0.0,0.0
1555,43,F,5,College,Unknown,$120K +,Blue,41,2,4,4,1438.3,1839,3.0,0.5678744833626372,4497,62,0.0,0.05036438228194651
1556,39,M,2,Uneducated,Single,$80K - $120K,Blue,38,4,0,3,1438.3,0,1438.3,0.4234274403173351,5593,83,1.1685382164473723,0.0
1557,53,M,1,Uneducated,Married,Less than $40K,Gold,47,5,4,4,17185.153448186004,2131,15054.153448186004,1.1532991002196962,3948,74,1.7248063184324396,0.3552834510392038
1558,58,M,0,Post-Graduate,Single,$40K - $60K,Blue,26,4,3,1,1438.3,930,508.29999999999995,0.0,3159,41,1.3099679822256816,0.2552977215139305
1559,60,F,4,High School,Married,$60K - $80K,Blue,26,3,3,6,25229.73469317754,981,24248.73469317754,0.8435326198854387,1663,27,0.0,0.15143587772136824
1560,46,M,3,High School,Single,Less than $40K,Blue,39,1,2,4,1438.3,0,1438.3,1.1733882336790695,2758,39,0.6325992051673375,0.34624389837697983
1561,60,F,5,Uneducated,Single,Less than $40K,Blue,42,4,3,1,1438.3,41,1397.3,0.0,4995,64,0.0,0.0
1562,40,M,2,High School,Single,$60K - $80K,Blue,34,6,4,2,14430.547390866901,1618,12812.547390866901,0.0,5676,79,0.0,0.048678275942221336
1563,45,F,0,High School,Married,Less than $40K,Blue,36,6,3,6,7067.314179005018,417,6650.314179005018,1.0062541988830191,4140,73,0.3620837997281491,0.012600671619410753
1564,48,F,2,College,Married,Unknown,Blue,25,6,5,2,6748.898221538817,0,6748.898221538817,1.479570514130429,4375,60,1.4371155574866057,0.784682587926608
1565,36,F,2,High School,Married,$60K - $80K,Blue,36,6,2,4,4905.062968503857,897,4008.0629685038566,1.514001090322119,2766,40,0.006960845083168965,0.0
1566,46,M,2,Unknown,Single,Unknown,Blue,16,1,2,0,2337.700535674011,1539,798.700535674011,0.0,3223,65,0.0,0.707338553934597
1567,52,F,0,High School,Divorced,$40K - $60K,Blue,36,2,3,4,11468.978083338561,977,10491.978083338561,0.0,2420,30,0.0,0.51154631699759
1568,36,M,2,Graduate,Married,Unknown,Blue,47,2,2,3,22683.572020810832,0,22683.572020810832,0.49634111534954767,4602,63,0.7099469148211958,0.28977550978958944
1569,40,M,4,College,Single,$80K - $120K,Blue,32,5,1,0,18138.019259142256,29,18109.019259142256,0.7589360348877731,2208,37,0.22688374346854956,0.1241938758275542
1570,35,F,4,College,Single,$40K - $60K,Blue,35,6,5,1,12340.986981147893,0,12340.986981147893,1.0120429111444964,4741,64,0.10087425236554215,0.26708352437168004
1571,41,M,3,Graduate,Married,$80K - $120K,Blue,25,6,3,1,2515.421049120495,1356,1159.421049120495,0.1438470836746033,1005,16,2.3913355391923434,0.007507965944563932
1572,33,M,1,Uneducated,Married,$60K - $80K,Blue,29,4,2,1,19529.134313297374,647,18882.134313297374,0.14508284574859198,12309,119,1.0287249789462711,0.0
1573,54,F,3,Graduate,Married,Less than $40K,Blue,43,5,3,1,15189.164583240039,377,14812.164583240039,0.0,914,16,0.13531002955637295,0.40593268559726525
1574,41,F,1,Doctorate,Married,$40K - $60K,Blue,49,2,4,0,1438.3,1433,5.2999999999999545,1.5550616289750128,2353,45,0.0,0.0
1575,54,F,0,Unknown,Single,Less than $40K,Blue,41,4,1,5,9509.979389592374,1258,8251.979389592374,0.46586096161366564,2056,25,1.1288206900423097,0.4374167755471645
1576,32,M,0,High School,Unknown,Less than $40K,Blue,31,3,0,2,1447.0225919566446,404,1043.0225919566446,0.0,4382,47,1.4479014194701456,0.3098466553256526
1577,37,M,0,Unknown,Unknown,Unknown,Blue,33,2,2,4,27274.06856802324,904,26370.06856802324,0.4615965907781171,6329,90,0.0,0.25105861689663017
1578,42,F,2,Graduate,Married,$60K - $80K,Blue,21,4,3,4,15081.928549394675,931,14150.928549394675,0.0,10101,97,0.5196811787594973,0.4468397374948285
1579,39,F,3,Unknown,Single,Less than $40K,Blue,26,2,0,4,12472.236466432068,588,11884.236466432068,0.0,5531,85,0.0,0.0
1580,44,F,1,Uneducated,Single,Less than $40K,Blue,46,5,0,6,28022.079785767044,635,27387.079785767044,0.8063883666891993,4518,60,0.03434072061937388,0.07057706449237396
1581,49,M,4,Graduate,Single,$60K - $80K,Blue,13,6,0,2,1438.3,2022,3.0,0.0,7364,85,1.867102210538841,0.0008824457434992716
1582,41,F,4,Graduate,Unknown,Less than $40K,Blue,42,4,2,5,8733.010704592654,1766,6967.010704592654,0.0,5695,85,1.5685900153323453,0.0
1583,62,M,0,Unknown,Married,$120K +,Blue,35,2,2,1,1438.3,0,1438.3,0.0,1156,10,0.0,0.7637052445516054
1584,35,F,3,College,Married,$40K - $60K,Blue,22,4,4,2,1602.7060020023237,133,1469.7060020023237,0.8074264763043357,2844,59,1.6613352099236356,0.15690284004419322
1585,42,F,4,Uneducated,Single,$40K - $60K,Blue,34,2,5,2,1438.3,1456,3.0,1.3305693203161097,2509,47,1.055553695466922,0.0
1586,55,M,4,Unknown,Single,$40K - $60K,Blue,47,4,0,2,1438.3,0,1438.3,1.0715104973804241,2660,49,1.6681620878402006,0.02387256401861898
1587,44,M,2,College,Single,$60K - $80K,Blue,47,4,1,2,1438.3,678,760.3,0.0,6644,77,0.7236852735394035,0.07046429386966756
1588,51,M,2,Uneducated,Single,$80K - $120K,Blue,31,6,2,1,21972.7011255018,0,21972.7011255018,1.6432098173987104,3860,65,0.0,0.21943056591983678
1589,54,F,3,Unknown,Married,Less than $40K,Blue,40,6,3,3,1438.3,679,759.3,0.0,7736,97,2.4268633126422667,0.0
1590,53,M,4,Uneducated,Single,$120K +,Blue,36,6,2,2,13838.339402508234,68,13770.339402508234,2.0527254432864215,733,10,0.9893688144547126,0.0
1591,51,M,0,Graduate,Married,$80K - $120K,Blue,41,3,6,0,1438.3,1382,56.299999999999955,0.43636341876574175,2015,39,0.0,0.16111856863514262
1592,47,F,0,Unknown,Single,Less than $40K,Blue,30,5,4,4,15404.148347714448,188,15216.148347714448,0.5683057548462985,510,10,1.7789447094774413,0.16166619206311642
1593,50,M,3,Unknown,Divorced,Less than $40K,Blue,35,5,3,2,2653.944344534193,0,2653.944344534193,0.24925640417204786,9267,138,1.1697799752684008,0.04306514280605628
1594,54,F,2,High School,Single,$80K - $120K,Blue,41,3,0,6,21430.146821325725,173,21257.146821325725,1.6469396648298753,3291,46,3.1256968445479165,0.0
1595,41,M,1,High School,Single,Less than $40K,Blue,33,4,4,5,22881.72165799287,522,22359.72165799287,0.9472137885700507,3680,55,0.0,0.143218806332365
1596,48,M,4,Uneducated,Married,Unknown,Blue,38,4,3,4,1438.3,950,488.29999999999995,2.0626295313055474,615,10,0.4502143182000263,0.5000766994642661
1597,31,M,5,Graduate,Married,Unknown,Blue,28,3,2,3,1438.3,133,1305.3,0.0,4473,57,1.3816218879729116,0.456013367206842
1598,42,M,3,High School,Unknown,$40K - $60K,Blue,50,3,3,4,34516.0,0,34516.0,2.040188005610699,3073,55,0.011914378015763005,0.4192609528971913
1599,48,F,3,High School,Married,$40K - $60K,Blue,46,4,5,2,6951.170939865484,1798,5153.170939865484,0.0,953,24,0.0,0.07035011919274184
1600,36,M,1,Graduate,Married,$40K - $60K,Blue,29,3,3,1,14534.368727768271,553,13981.368727768271,1.0600580499361305,1033,35,1.317862536663856,0.0
1601,52,F,4,Unknown,Married,Less than $40K,Silver,47,3,3,1,11110.851445043136,1224,9886.851445043136,0.0,3285,57,0.0,0.0
1602,38,M,1,Unknown,Single,$40K - $60K,Blue,47,2,2,5,1438.3,384,1054.3,0.0,4447,72,0.5057217829165721,0.8039713386597368
1603,46,M,3,Graduate,Married,Unknown,Blue,30,3,0,5,19008.223833006494,77,18931.223833006494,0.0,609,10,0.0,0.4901608565815459
1604,32,F,5,Unknown,Married,Unknown,Blue,41,1,2,3,21524.738238348767,2517,19007.738238348767,1.6833916819526062,1266,18,0.0,0.0
1605,33,F,2,Graduate,Married,$40K - $60K,Blue,33,5,1,1,11324.211721078762,2219,9105.211721078762,0.9873086747129733,4172,63,0.0,0.9761437451156296
1606,43,F,0,Uneducated,Single,Less than $40K,Blue,36,2,1,2,12792.832180773632,171,12621.832180773632,0.0,3694,80,0.4734656134745358,0.999
1607,55,F,3,Uneducated,Married,$80K - $120K,Blue,41,3,5,3,1438.3,944,494.29999999999995,1.7406439755047547,776,10,0.23205070797212296,0.13460120131228248
1608,36,F,1,Uneducated,Single,Less than $40K,Silver,32,6,1,6,27854.27817295122,749,27105.27817295122,1.722483408167615,7680,94,0.0,0.32451482213274024
1609,47,F,0,Doctorate,Married,$60K - $80K,Blue,46,2,4,5,6946.76498406393,437,6509.76498406393,0.0,3455,75,3.2025155870230546,0.44939185611542615
1610,41,M,3,Unknown,Single,Less than $40K,Blue,26,2,0,6,23134.359228414884,636,22498.359228414884,0.1416046266508666,10010,103,0.0,0.8134044216050462
1611,46,F,0,Doctorate,Married,$40K - $60K,Silver,29,2,1,4,32023.947927431596,890,31133.947927431596,0.7855313980766675,624,10,9.086861015972225e-05,0.12189236883866936
1612,55,F,3,Uneducated,Single,$40K - $60K,Blue,27,4,6,5,12339.550599163778,605,11734.550599163778,0.06334372105644315,1910,60,2.362176072266817,0.0
1613,43,F,3,Uneducated,Divorced,$60K - $80K,Blue,26,4,6,0,13889.346545257846,291,13598.346545257846,0.0,7004,92,2.4949048604075297,0.0
1614,55,F,5,Graduate,Single,Unknown,Blue,49,3,1,6,26746.523594322945,606,26140.523594322945,2.6202674326080233,5244,83,0.04291178651601435,0.3954159195231691
1615,39,M,1,Graduate,Married,Unknown,Blue,27,6,2,4,4043.9660592414466,97,3946.9660592414466,0.8380404283177981,1064,30,0.0,0.0
1616,45,F,3,High School,Divorced,$60K - $80K,Blue,31,2,3,6,1438.3,821,617.3,0.6371653514645794,3997,52,1.9500338247074627,0.0
1617,55,M,1,Unknown,Divorced,Less than $40K,Blue,27,1,2,2,8552.827713192779,0,8552.827713192779,1.8261957275524543,1754,29,0.6629402587739549,0.019413965371212677
1618,45,F,1,Post-Graduate,Single,Less than $40K,Silver,27,6,0,6,1438.3,914,524.3,0.3381317490049183,1437,24,1.8843748850451028,0.05763074205124605
1619,41,F,4,Unknown,Unknown,Less than $40K,Silver,49,2,3,4,1438.3,422,1016.3,1.3111443089113415,2915,54,0.08509002560802159,0.00623895500578861
1620,44,F,2,Graduate,Single,$40K - $60K,Blue,39,3,3,0,6467.588543768541,592,5875.588543768541,1.2608750559651867,5057,83,0.6940699437628579,0.5829793196923937
1621,29,M,0,High School,Married,$80K - $120K,Blue,54,3,2,4,11293.258678046808,573,10720.258678046808,0.0,2264,32,0.0,0.14112961205457833
1622,35,F,5,High School,Single,Less than $40K,Blue,37,2,1,0,8222.358508999709,0,8222.358508999709,0.0,4379,58,0.0,0.14776160424929521
1623,30,F,3,Unknown,Married,$120K +,Blue,56,3,2,0,10525.442478001245,0,10525.442478001245,0.11223887244295394,3464,73,0.0,0.06483952820310951
1624,48,F,2,Uneducated,Married,Unknown,Blue,21,4,4,4,3456.237128589327,1995,1461.2371285893269,0.07633233879580403,5392,75,0.47494574910697296,0.8068329992444514
1625,37,F,1,Unknown,Single,$80K - $120K,Blue,46,3,2,6,11515.857234064275,0,11515.857234064275,0.0,4103,94,0.0,0.3959219490381284
1626,53,M,3,High School,Married,$60K - $80K,Silver,27,5,0,5,15927.566519608887,0,15927.566519608887,0.0,3302,56,0.0751741398573409,0.4837264663836119
1627,38,F,4,Graduate,Single,$40K - $60K,Blue,47,1,3,3,5331.581398326031,1182,4149.581398326031,1.984171231845628,2035,30,0.4380401202332384,0.4711906947930295
1628,43,M,0,Unknown,Married,$60K - $80K,Blue,42,4,2,2,14228.312574393696,1821,12407.312574393696,0.0,1114,19,0.5616380920706777,0.4173365034422089
1629,43,M,4,High School,Married,$40K - $60K,Blue,44,4,2,1,8969.946199524617,293,8676.946199524617,0.0,871,14,0.0,0.5928518863285841
1630,38,M,1,Graduate,Married,$40K - $60K,Blue,30,2,6,1,18330.028990607636,138,18192.028990607636,0.0,4322,73,0.0,0.0
1631,30,F,1,Unknown,Single,Less than $40K,Blue,40,4,4,4,11532.34424906964,423,11109.34424906964,0.1950058074208676,7685,91,0.0,0.02682493829848362
1632,45,M,0,High School,Unknown,Less than $40K,Blue,56,3,2,3,3828.9927311936663,0,3828.9927311936663,0.0,3603,44,1.5001538580656621,0.011311153037214056
1633,44,F,2,High School,Married,$80K - $120K,Blue,41,2,2,5,8253.968655313849,0,8253.968655313849,0.7364070964362934,3676,55,2.557889579991131,0.0
1634,35,F,2,Uneducated,Single,Less than $40K,Blue,24,3,1,4,20248.18936550294,2517,17731.18936550294,0.35255343065069766,4706,53,0.0,0.0
1635,44,F,5,Graduate,Single,Less than $40K,Blue,38,3,5,4,16828.460294599958,1467,15361.460294599958,0.35880732835948864,1748,25,1.6021119891252993,0.09078401770199349
1636,59,F,1,Unknown,Single,Less than $40K,Blue,35,4,6,3,1438.3,121,1317.3,1.194652938008928,2589,28,1.4494347315466087,0.1779356964718253
1637,46,M,0,Post-Graduate,Married,$80K - $120K,Blue,48,1,6,1,1438.3,0,1438.3,1.1981741790748692,3346,65,0.0,0.0
1638,26,F,4,High School,Married,Unknown,Blue,36,4,3,3,1438.3,2205,3.0,1.1002705700937123,677,10,0.6546231847400862,0.2596562844359494
1639,45,M,4,College,Single,$60K - $80K,Blue,36,3,0,0,4442.682304666255,0,4442.682304666255,0.6735064725226961,4586,49,0.08146622259692282,0.17454940602913455
1640,53,F,4,Unknown,Divorced,Unknown,Blue,32,2,6,0,11346.834449539867,1484,9862.834449539867,1.3068129910955615,2960,45,0.20879113424991785,0.999
1641,48,M,2,High School,Married,$80K - $120K,Blue,39,5,3,6,12238.964734657977,766,11472.964734657977,0.0,5779,87,0.46826099983138647,0.0
1642,41,F,2,Unknown,Married,$80K - $120K,Blue,43,5,4,4,1438.3,1793,3.0,0.00578242225174852,3315,45,2.1402308275245114,0.025313834843634447
1643,54,F,0,Graduate,Married,Less than $40K,Blue,27,1,1,2,4281.859449038193,717,3564.859449038193,1.7719388152676692,1734,32,0.5605369357558357,0.20257117512140368
1644,49,F,5,Uneducated,Married,$40K - $60K,Blue,28,5,0,4,1438.3,518,920.3,0.05904282225144608,7433,99,1.733418056890403,0.2000041793542206
1645,42,M,2,College,Single,$60K - $80K,Blue,27,4,0,2,21922.7233355595,315,21607.7233355595,1.0546723552326895,2305,31,1.2008928328714688,0.6878411048635849
1646,44,F,0,Doctorate,Married,$40K - $60K,Blue,32,3,0,3,6134.791390251536,2517,3617.7913902515356,0.0,2173,44,0.634999427162396,0.0
1647,48,F,3,Graduate,Married,$60K - $80K,Blue,38,5,3,0,1438.3,0,1438.3,1.7570123732625706,1939,30,0.2821540153191706,0.33686135851796295
1648,37,M,0,Graduate,Married,$40K - $60K,Blue,35,2,0,5,4530.08933254806,614,3916.08933254806,0.0,1671,43,0.0,0.18131817200807637
1649,48,F,3,Graduate,Married,Less than $40K,Blue,29,5,1,3,1438.3,0,1438.3,1.7502401175010645,2231,28,0.0,0.2816966784451406
1650,49,F,1,Graduate,Single,$80K - $120K,Blue,47,2,1,2,1438.3,1643,3.0,1.7543366662156075,2355,60,0.0,0.4329440950585666
1651,50,F,5,Graduate,Single,Unknown,Blue,44,3,5,3,16267.87226076753,0,16267.87226076753,0.2809966073648588,2879,72,2.0131021345885354,0.46801379428109313
1652,62,F,0,Unknown,Single,$60K - $80K,Blue,42,4,2,3,16139.09205786991,1422,14717.09205786991,0.0,3060,60,1.5535519606425376,0.47539308277574915
1653,40,F,2,College,Married,$120K +,Blue,42,6,0,3,21557.71759394963,0,21557.71759394963,1.7374199065974698,4714,61,0.0,0.38808373250313377
1654,44,M,3,High School,Unknown,Less than $40K,Blue,34,4,3,6,1438.3,0,1438.3,0.778262888090879,2644,44,1.286085147676173,0.6413393791449928
1655,40,F,3,High School,Married,Less than $40K,Blue,33,2,3,5,9070.026850182667,956,8114.026850182667,0.7904866455479695,962,10,2.570473612234401,0.023690236405425502
1656,69,M,4,Graduate,Married,Less than $40K,Blue,53,3,5,0,6079.824057337895,741,5338.824057337895,1.7894686593530502,910,17,0.0,0.4912791783287773
1657,39,F,2,Graduate,Married,Less than $40K,Blue,35,1,4,2,9235.280891926759,0,9235.280891926759,1.8375966405898976,1579,37,0.0,0.0
1658,50,F,3,Unknown,Married,Unknown,Blue,40,4,0,3,1438.3,0,1438.3,0.4950051483830886,3439,64,0.9671772898416657,0.12974005553967882
1659,56,M,1,College,Married,Unknown,Blue,13,3,4,4,1438.3,686,752.3,0.0,5791,75,0.5422126481826849,0.0
1660,49,F,2,High School,Single,$60K - $80K,Blue,40,1,5,4,3410.09544465367,1232,2178.09544465367,1.1048812023800123,1986,58,1.1646318858019504,0.0
1661,46,F,1,Unknown,Married,$80K - $120K,Blue,35,1,1,0,9834.603655187804,665,9169.603655187804,0.1595812151214412,3246,56,0.0,0.339538183539794
1662,44,M,3,Post-Graduate,Married,$40K - $60K,Blue,19,3,4,6,19190.86419380799,727,18463.86419380799,1.0660465213889592,5322,64,0.7539016864985046,0.0
1663,51,F,4,High School,Married,$60K - $80K,Blue,37,3,4,1,11969.717913901046,629,11340.717913901046,0.03134799559175261,5528,55,0.0,0.6070199674881597
1664,45,M,3,Uneducated,Married,Less than $40K,Silver,43,4,5,2,15846.94470450476,0,15846.94470450476,1.2986761334301757,510,10,0.6888740174743948,0.7225561718612636
1665,54,M,2,Uneducated,Single,Less than $40K,Blue,36,2,0,3,1438.3,910,528.3,0.10978503000840112,4865,65,0.0,0.0
1666,48,M,1,Graduate,Divorced,$60K - $80K,Silver,45,2,0,5,26020.917963009106,0,26020.917963009106,1.1460379412062898,3131,113,0.0,0.591212418620809
1667,45,F,1,Uneducated,Married,$40K - $60K,Blue,36,3,2,1,1438.3,84,1354.3,0.9074101706673163,5071,58,0.0,0.41436058386071983
1668,47,F,3,High School,Married,$60K - $80K,Blue,26,2,1,3,25481.221028904256,2031,23450.221028904256,0.23524429013198084,510,10,1.8752113216641262,0.20615926314336536
1669,40,M,3,High School,Married,Less than $40K,Blue,24,5,2,2,4714.500029165147,1261,3453.5000291651468,1.049705792399788,7231,91,0.43162386754365284,0.2927453637928645
1670,51,F,2,High School,Married,Less than $40K,Blue,33,2,2,0,1957.603547988414,272,1685.603547988414,0.6830784314356734,1167,18,0.0,0.0
1671,37,F,4,College,Married,$80K - $120K,Blue,38,2,2,0,1438.3,349,1089.3,0.7121490022387935,668,10,0.8542084879344147,0.14918325619693235
1672,47,M,2,Graduate,Single,$60K - $80K,Blue,39,2,5,3,6759.82221850565,2339,4420.82221850565,0.12288384438133859,7934,88,0.7641483517933525,0.4597198097001309
1673,47,F,2,College,Unknown,Less than $40K,Blue,56,2,5,3,10555.52057673541,701,9854.52057673541,1.9574364848500998,2297,42,0.6411802066794632,0.41307410291021524
1674,40,F,4,High School,Single,$40K - $60K,Blue,28,3,1,4,2529.329583726958,1397,1132.329583726958,0.2161555216915465,3495,48,0.2559718571486215,0.4899539686642764
1675,52,F,3,Graduate,Divorced,$40K - $60K,Blue,40,5,0,6,1438.3,0,1438.3,0.8882587844002764,4551,57,3.027257859090324,0.027787184005237525
1676,47,F,1,Graduate,Married,Unknown,Blue,37,2,6,1,10088.36776402727,1518,8570.36776402727,1.679351579845179,5717,74,0.0,0.999
1677,35,M,2,High School,Married,$40K - $60K,Blue,42,5,3,0,2524.418649483543,1696,828.418649483543,0.0,754,12,1.197683704932,0.06239297597756528
1678,46,M,5,High School,Married,$120K +,Blue,26,4,6,5,5380.4092663703905,1905,3475.4092663703905,0.9735443945338695,2579,55,0.21806150049801748,0.0
1679,45,M,3,Graduate,Unknown,Less than $40K,Blue,32,1,3,5,1438.3,1063,375.29999999999995,0.5646053094980099,5103,62,0.0,0.10250495817150512
1680,59,M,3,Unknown,Single,Less than $40K,Blue,36,4,2,3,12069.651196622533,106,11963.651196622533,2.561827668315506,7006,102,0.0,0.22796393466368567
1681,46,F,4,Uneducated,Married,$120K +,Blue,38,5,2,4,18814.36570480572,2325,16489.36570480572,0.0,1605,44,2.1253311026131936,0.0
1682,52,M,2,Uneducated,Married,Less than $40K,Blue,29,4,2,0,16340.607134208454,16,16324.607134208454,0.49569405930699545,2347,49,1.0778805013375914,0.4748389344329223
1683,38,F,0,High School,Single,Unknown,Blue,38,4,2,6,12950.967889935222,1786,11164.967889935222,0.7581065798662444,3148,63,0.07148625433852074,0.41601898800657244
1684,57,M,3,Uneducated,Married,Less than $40K,Blue,36,5,6,3,13295.111752504414,51,13244.111752504414,0.0,7173,107,2.2521645313957834,0.3093246731691528
1685,48,M,5,Graduate,Married,Less than $40K,Blue,14,5,3,6,21668.39159930667,999,20669.39159930667,0.0,5023,64,3.34984076027257,0.43166107614751387
1686,52,F,3,High School,Divorced,Less than $40K,Blue,32,2,6,4,9090.516778139056,820,8270.516778139056,0.29245528993767045,6126,71,0.0,0.0
1687,45,F,2,Uneducated,Married,$40K - $60K,Blue,14,4,1,6,7988.862761503511,277,7711.862761503511,1.6086783313867898,7034,125,0.0,0.8397015697856682
1688,57,F,3,Graduate,Single,Less than $40K,Silver,40,3,2,4,20121.18003773989,1995,18126.18003773989,0.0,6227,81,2.167571907005903,0.0
1689,45,F,3,Uneducated,Married,Less than $40K,Blue,39,5,4,0,8372.739998284209,1351,7021.739998284209,0.6026395214098076,4386,71,0.851772022753233,0.1553968007499597
1690,38,F,3,Post-Graduate,Unknown,$40K - $60K,Blue,32,3,5,3,1438.3,0,1438.3,0.0,3993,60,3.714,0.06977163433705301
1691,44,F,0,Uneducated,Single,$80K - $120K,Blue,31,4,1,4,12719.470731615726,448,12271.470731615726,0.0,2894,52,0.9407159289380449,0.0
1692,47,M,4,College,Single,$120K +,Blue,36,4,0,4,4847.466942438525,888,3959.4669424385247,0.017801398953903647,4271,53,0.0,0.04794341804305541
1693,46,M,2,Graduate,Single,$60K - $80K,Blue,44,2,2,6,12476.842272664666,2517,9959.842272664666,0.20333204285490114,5407,122,0.8036931764466837,0.0
1694,44,F,2,Graduate,Single,Less than $40K,Blue,55,2,0,2,4437.281059368383,0,4437.281059368383,0.06685991345204445,3084,76,0.0,0.0
1695,44,M,4,Graduate,Married,Less than $40K,Blue,43,3,1,3,8676.470586941425,0,8676.470586941425,1.5844307705420162,6367,70,0.0,0.18845852977250557
1696,41,F,0,Unknown,Single,$80K - $120K,Blue,39,3,6,0,1438.3,1238,200.29999999999995,0.0,1753,54,0.7781815579169437,0.7481852110989192
1697,42,F,4,Unknown,Married,$80K - $120K,Blue,46,5,2,6,23852.317260239084,1570,22282.317260239084,0.021908957532704165,3670,68,0.0,0.0
1698,57,F,0,Unknown,Single,$40K - $60K,Blue,32,1,1,4,21299.847227086517,0,21299.847227086517,0.275508228284704,6838,80,1.2111541944142563,0.45242649590714634
1699,51,M,4,Graduate,Married,$80K - $120K,Blue,42,1,5,6,3971.5982322179243,0,3971.5982322179243,2.0846068853320157,4261,56,0.8751138745833884,0.0
1700,44,F,3,College,Married,Less than $40K,Blue,32,2,1,2,11974.188971291878,1336,10638.188971291878,0.3066881709168248,2571,60,0.0,0.02386915013390692
1701,47,M,1,Post-Graduate,Single,$60K - $80K,Blue,29,5,2,1,12107.409377397727,91,12016.409377397727,2.2154448011935335,4469,68,0.8869932770606179,0.20668749394711503
1702,49,F,0,Uneducated,Single,Less than $40K,Silver,47,2,4,6,13122.286722909783,242,12880.286722909783,1.0214641113192215,3539,42,0.0,0.0
1703,40,F,3,Uneducated,Single,$120K +,Blue,27,1,2,0,34516.0,740,33776.0,1.216756379631566,1714,21,0.1993966449959002,0.0
1704,66,F,1,Graduate,Married,$120K +,Blue,43,2,4,2,15934.117529678913,0,15934.117529678913,1.058255996886618,3072,52,1.446905833652377,0.0
1705,55,M,0,High School,Married,Less than $40K,Blue,50,5,1,6,11962.084710842286,197,11765.084710842286,1.233559533896045,7538,92,1.1483564061035807,0.42571585543955526
1706,50,F,3,High School,Married,Less than $40K,Blue,30,5,5,1,10605.52261293037,1207,9398.52261293037,0.0,5276,61,1.3618920880239327,0.0
1707,45,F,3,Doctorate,Married,Unknown,Blue,33,4,5,1,20829.97166926297,20,20809.97166926297,1.723586795447131,6373,103,2.5440986593776014,0.7990992423305687
1708,56,M,1,Doctorate,Single,$80K - $120K,Blue,33,4,4,2,8207.714172481177,1083,7124.714172481177,0.8129846055748203,764,10,2.037148563080665,0.6809712673368256
1709,54,F,3,High School,Single,$60K - $80K,Blue,40,4,2,5,2725.5185365030966,0,2725.5185365030966,1.2921822276008301,961,15,0.99929394065213,0.17759869790203373
1710,49,M,2,High School,Single,$80K - $120K,Blue,33,2,0,4,3869.3859614660396,345,3524.3859614660396,0.0,4317,71,1.576888224548823,0.0109581534126863
1711,46,M,3,Graduate,Married,Less than $40K,Blue,36,3,2,6,1438.3,0,1438.3,0.3398413760559539,5167,77,0.0,0.18176169586234078
1712,61,F,2,Post-Graduate,Single,Less than $40K,Blue,32,2,3,5,1438.3,2517,3.0,1.4251322091055874,4073,59,0.2241706553520888,0.13682738976132985
1713,44,F,3,Uneducated,Married,$60K - $80K,Blue,41,4,2,4,8152.871922776072,600,7552.871922776072,1.1160404166193563,1870,50,0.0,0.014708968331466926
1714,48,F,5,Uneducated,Married,Less than $40K,Blue,44,2,6,2,11055.392759798582,178,10877.392759798582,0.3287057127930993,5899,78,0.0,0.0420788000238556
1715,46,M,0,Graduate,Married,Less than $40K,Blue,33,2,1,2,6783.802699552214,951,5832.802699552214,1.647295363562109,2432,43,0.1134588322309058,0.0
1716,51,M,1,Post-Graduate,Single,Less than $40K,Blue,35,5,0,2,1438.3,482,956.3,1.1369224073259385,3524,59,0.15302798778874682,0.42556298442513346
1717,41,F,4,Graduate,Married,Less than $40K,Blue,45,2,3,1,16026.238218990602,414,15612.238218990602,2.2442471316287045,5383,102,1.1393553069400597,0.35361100688986535
1718,59,F,3,Graduate,Single,$40K - $60K,Blue,34,2,3,3,7102.939470211743,674,6428.939470211743,1.607848476555605,2887,43,1.6760473887420875,0.0
1719,44,M,2,Unknown,Married,Less than $40K,Blue,43,5,5,4,7365.064664335734,393,6972.064664335734,0.0,4429,63,0.5172266982534764,0.18811670035829986
1720,57,F,5,Graduate,Married,$80K - $120K,Blue,43,2,4,1,16205.041847761951,2517,13688.041847761951,1.8474346827275725,6174,78,0.0,0.13635638280119272
1721,39,M,3,Graduate,Single,$60K - $80K,Blue,31,2,2,4,10011.586161224472,1131,8880.586161224472,0.0,3053,70,0.733381997123958,0.0
1722,31,F,1,Graduate,Unknown,$40K - $60K,Blue,32,3,3,6,14842.815637073376,0,14842.815637073376,0.0,3505,100,0.0,0.0
1723,26,M,2,Graduate,Married,Less than $40K,Blue,21,3,0,4,3309.5906385867484,473,2836.5906385867484,0.0,1917,41,0.0,0.12083865550240927
1724,43,F,1,High School,Single,$80K - $120K,Blue,48,4,4,3,8816.635687969561,0,8816.635687969561,1.0007052581992062,2456,35,2.148415726393892,0.28423495467665083
1725,47,M,0,High School,Married,$60K - $80K,Blue,35,1,4,2,14579.081751464726,637,13942.081751464726,0.32631376461274536,5272,75,0.24542025670332618,0.1184836543430359
1726,50,M,4,High School,Single,Unknown,Blue,44,2,0,3,14690.044699259026,665,14025.044699259026,1.0395225038080045,3339,47,0.0330445307435282,0.2581775141612175
1727,40,F,3,Uneducated,Single,Less than $40K,Blue,45,5,1,4,3652.302543463339,972,2680.302543463339,0.0,3261,45,0.5517028898791483,0.0
1728,51,M,5,Unknown,Single,Less than $40K,Blue,53,3,4,2,8119.864971410979,281,7838.864971410979,0.033808927870705885,6184,78,0.5927548275459693,0.16564072141932507
1729,50,F,2,Unknown,Married,Less than $40K,Blue,46,5,2,6,25199.899632576708,691,24508.899632576708,2.7227308639713685,7625,89,0.4698403700698479,0.030120817353675777
1730,35,M,3,Graduate,Single,$120K +,Blue,39,1,1,0,15859.179389022484,142,15717.179389022484,2.114530600088368,3200,66,1.7649028661866213,0.7816170483769398
1731,48,F,5,Graduate,Single,Less than $40K,Blue,22,6,1,3,8474.94903303533,204,8270.94903303533,0.8299741104302248,5323,85,1.5330672878752833,0.0
1732,45,F,2,Uneducated,Single,$80K - $120K,Blue,21,4,2,5,10804.666319995846,1710,9094.666319995846,0.9569346579570782,1590,23,0.36176280525398613,0.0
1733,37,F,5,Doctorate,Married,$120K +,Blue,33,2,4,3,9383.757318594382,1994,7389.757318594382,0.5091613503081072,5391,94,1.940099876702866,0.0
1734,40,M,4,Graduate,Unknown,Less than $40K,Blue,56,1,2,5,12479.516092053023,296,12183.516092053023,0.9303030508501731,1621,31,0.8776781286808353,0.01019150356005099
1735,42,F,3,Uneducated,Single,$80K - $120K,Blue,49,6,0,2,1438.3,0,1438.3,0.0,11774,119,1.1919220419496663,0.8397415018844265
1736,49,M,0,Graduate,Married,$80K - $120K,Blue,31,5,2,3,18458.54971388494,804,17654.54971388494,0.926110246753133,1078,22,0.0858335979422955,0.3334922001544675
1737,44,M,2,Uneducated,Married,Less than $40K,Blue,45,3,3,2,14525.855173358808,0,14525.855173358808,0.10240623322912701,1373,26,2.293791973833329,0.258956963577154
1738,38,F,0,Uneducated,Single,Less than $40K,Blue,56,5,6,2,1438.3,158,1280.3,0.003509462574176281,1419,20,3.0599919640426063,0.2493413517067331
1739,35,M,3,College,Single,$120K +,Blue,40,5,2,3,10053.204496743436,36,10017.204496743436,1.4718855863668874,2669,43,0.7251644540369033,0.10838014148801622
1740,34,M,3,High School,Married,Unknown,Blue,36,2,2,2,9153.66823952375,2186,6967.668239523749,0.0,2725,57,0.6375245860223296,0.15275655727190912
1741,47,F,5,High School,Married,Less than $40K,Blue,28,5,6,1,4405.509881081378,47,4358.509881081378,0.41375322978856244,2439,43,1.2265810751028998,0.0
1742,36,F,5,Uneducated,Single,$60K - $80K,Blue,33,4,3,5,10521.180600631913,1111,9410.180600631913,0.0,857,10,1.5668579050809965,0.08410849326684994
1743,54,M,1,Graduate,Unknown,Less than $40K,Blue,37,6,4,1,12843.003698483157,0,12843.003698483157,1.3908661636416453,3074,53,0.0,0.6602548901043642
1744,48,F,4,High School,Single,Less than $40K,Blue,47,4,0,1,13398.378235544906,1003,12395.378235544906,0.0,4571,56,0.0,0.15859025847501193
1745,47,F,1,Graduate,Married,$80K - $120K,Blue,46,1,3,4,1438.3,0,1438.3,0.17222436052291773,3980,75,0.24381181568026708,0.3880128554205158
1746,39,F,3,Post-Graduate,Married,$40K - $60K,Blue,31,5,4,0,11777.429135747117,2288,9489.429135747117,2.469306167744395,6299,69,0.0,0.21528301397345262
1747,40,F,4,Post-Graduate,Married,$60K - $80K,Blue,24,1,5,1,11845.641075967813,0,11845.641075967813,0.5958172943265877,2382,37,0.6610073860693124,0.06519529973807486
1748,32,F,0,Graduate,Married,Less than $40K,Blue,36,5,0,4,1438.3,1570,3.0,0.6490115998298315,2799,33,1.0590338225899794,0.23306984462992064
1749,38,F,3,Graduate,Single,$60K - $80K,Blue,40,3,5,0,3203.12469346516,0,3203.12469346516,1.1514581391224916,3243,35,0.8532584276098376,0.033705973617180335
1750,44,F,1,Post-Graduate,Single,$40K - $60K,Blue,56,2,4,1,1438.3,879,559.3,0.22088056301103903,2219,45,1.1693990951129054,0.12829167614007037
1751,34,F,3,High School,Single,$80K - $120K,Blue,42,4,0,1,12387.3984483219,1499,10888.3984483219,0.6711164800157946,5041,103,0.0,0.4222728548248732
1752,55,M,3,Uneducated,Single,$80K - $120K,Blue,39,5,1,4,31883.64752158403,0,31883.64752158403,1.5301165744868923,3071,51,0.0,0.0
1753,51,F,5,College,Single,Less than $40K,Blue,37,3,2,5,6839.711114188996,0,6839.711114188996,0.3483442326539216,5278,69,1.6627905693003897,0.5851934711806258
1754,49,F,0,Graduate,Unknown,Less than $40K,Blue,23,4,1,0,5385.898482603826,0,5385.898482603826,0.0,3480,81,0.5485791096526402,0.0
1755,39,F,2,Graduate,Divorced,Less than $40K,Blue,32,1,4,3,5797.426639179717,0,5797.426639179717,3.1314320354709384,3218,54,0.0,0.05715800124149645
1756,50,M,2,Graduate,Married,Unknown,Blue,43,4,3,5,8193.325120715337,1147,7046.325120715337,1.3306843656318266,3096,44,0.0,0.0
1757,43,F,2,High School,Single,Less than $40K,Blue,41,4,4,3,11917.646306913579,588,11329.646306913579,2.3382104241424138,4794,69,0.0,0.07869835557843247
1758,39,M,1,Graduate,Single,$60K - $80K,Blue,32,3,3,4,2057.5772994186946,316,1741.5772994186946,2.941026228180327,3486,66,0.0,0.0
1759,36,F,1,Graduate,Married,$120K +,Blue,56,4,3,2,20210.520086187225,720,19490.520086187225,0.0,7301,85,0.26288541837022766,0.1802622317323614
1760,45,F,2,High School,Single,Less than $40K,Blue,25,2,5,4,4159.75512501205,0,4159.75512501205,0.9713694103212676,4962,88,0.16805501955470636,0.07905979320298873
1761,45,M,4,Uneducated,Single,Less than $40K,Silver,43,3,3,3,1438.3,524,914.3,0.0,3770,51,1.2001787264518486,0.8041432189141632
1762,50,F,4,High School,Married,$40K - $60K,Silver,24,4,6,6,21224.797275908226,1530,19694.797275908226,1.3985062406601938,860,23,1.1695012507888463,0.1832053423793843
1763,50,M,3,High School,Married,$80K - $120K,Blue,47,1,0,3,17347.76672750125,2337,15010.76672750125,1.1527697263483774,1618,53,0.0,0.2186841001931869
1764,53,F,0,High School,Married,$60K - $80K,Blue,41,4,2,4,16036.63309743407,0,16036.63309743407,1.486925446121953,644,10,0.8942946151268378,0.0
1765,53,M,3,Uneducated,Single,Less than $40K,Blue,43,3,4,3,1438.3,309,1129.3,1.128641661924652,4250,63,0.6555529911142806,0.0
1766,46,F,5,Uneducated,Married,$60K - $80K,Silver,34,3,4,0,1438.3,0,1438.3,1.5187848759936018,1863,27,0.3155398350660293,0.0
1767,44,F,2,College,Married,$40K - $60K,Blue,37,3,3,1,6440.263834762165,712,5728.263834762165,0.3393818438389401,5313,77,1.6265888921592664,0.0
1768,50,F,4,Uneducated,Single,Less than $40K,Blue,13,3,6,5,13825.526931663937,214,13611.526931663937,0.795833270004587,4671,58,0.5172664197113244,0.056431487996598695
1769,47,F,3,High School,Married,$40K - $60K,Blue,43,2,0,6,1438.3,0,1438.3,0.07419410334578536,725,29,1.3921248998110272,0.2617419466868052
1770,52,F,2,Doctorate,Divorced,Less than $40K,Blue,37,4,5,3,18379.33542996515,0,18379.33542996515,1.0486779396212613,3687,50,0.7984974431833162,0.0
1771,44,M,5,High School,Single,Less than $40K,Silver,36,3,2,2,13462.096636321934,1401,12061.096636321934,0.0,1216,23,0.0,0.0
1772,43,M,1,Doctorate,Married,$80K - $120K,Blue,30,3,3,4,1438.3,1761,3.0,0.9068535496322994,6751,69,1.9408757213008125,0.19403476291053784
1773,44,M,0,Uneducated,Single,Less than $40K,Blue,42,3,3,4,1438.3,1025,413.29999999999995,0.23762561996346604,4913,79,3.714,0.15890053031116655
1774,32,M,2,Graduate,Single,Unknown,Blue,22,3,3,5,3741.202964638742,524,3217.202964638742,0.048832689390571615,7006,86,0.0,0.24889394735930942
1775,67,M,1,Unknown,Single,$60K - $80K,Blue,41,5,4,3,1438.3,2517,3.0,1.9960085370783953,685,10,1.5237188902512193,0.39000498219668456
1776,40,M,2,High School,Single,$40K - $60K,Blue,36,4,0,2,15133.598638015515,522,14611.598638015515,0.9481485163488839,965,10,1.3429002544604427,0.2756447193404
1777,41,F,2,Graduate,Single,$120K +,Gold,35,2,4,6,5766.952097347005,1015,4751.952097347005,1.327567575077837,11467,121,0.0,0.28838804194313206
1778,41,F,2,High School,Divorced,$80K - $120K,Blue,36,5,2,5,1438.3,13,1425.3,0.24666012917912072,3681,69,0.19397360716613038,0.0331446704059697
1779,50,M,2,Unknown,Single,$40K - $60K,Blue,41,6,4,4,16312.587334528602,2517,13795.587334528602,0.0,4860,61,0.774604255762412,0.0543660288009534
1780,40,F,0,Unknown,Married,$40K - $60K,Blue,18,4,2,0,14000.996711777074,162,13838.996711777074,1.2648727969347586,1926,43,0.0,0.5275195684012306
1781,52,M,4,Graduate,Married,$80K - $120K,Blue,26,5,0,4,11698.676820136814,1254,10444.676820136814,0.0,2175,30,0.0,0.27492234734294146
1782,36,F,5,Graduate,Single,Unknown,Blue,41,4,4,2,13309.772861917765,339,12970.772861917765,0.7184302853676049,4093,61,0.0,0.25143591810671506
1783,54,F,5,Graduate,Married,Less than $40K,Blue,34,4,6,6,3875.729654702406,1115,2760.729654702406,0.0,5151,74,2.2677715779919136,0.0
1784,41,F,0,Graduate,Unknown,$40K - $60K,Blue,25,1,3,4,1438.3,647,791.3,2.5881119938945423,2563,45,2.5152055645743316,0.40062480697891056
1785,47,M,3,Graduate,Married,$80K - $120K,Blue,51,6,4,5,1438.3,0,1438.3,1.1903807732698035,904,10,1.4211139545655738,0.0
1786,51,M,3,Graduate,Married,Unknown,Silver,17,2,1,1,10790.608365214988,1504,9286.608365214988,0.0,1580,24,2.8384921156173246,0.0
1787,52,F,3,Graduate,Single,$120K +,Blue,48,3,3,1,17717.4265789068,223,17494.4265789068,0.0,1163,22,0.38636154575247744,0.5326604702497357
1788,61,F,3,Doctorate,Single,$40K - $60K,Blue,56,3,4,1,24321.61153429553,1618,22703.61153429553,1.3418759242965317,2305,35,1.7514628971741453,0.15617312410408
1789,42,M,5,Unknown,Married,$60K - $80K,Blue,38,5,1,5,7771.596077511058,1054,6717.596077511058,0.7328827620191876,3551,51,0.0,0.4037021954304272
1790,45,M,0,Graduate,Single,$40K - $60K,Blue,33,4,2,4,19412.32502919931,0,19412.32502919931,2.2167108577137418,4567,65,0.0,0.025230135823700282
1791,44,F,3,High School,Single,Unknown,Gold,38,2,0,0,24056.321247033025,0,24056.321247033025,0.6423611839882687,1601,34,0.0,0.3969783945797395
1792,54,F,2,Graduate,Married,Less than $40K,Blue,49,4,2,5,1438.3,0,1438.3,0.4601933279255328,5255,72,1.637477470520426,0.0
1793,45,F,4,High School,Married,$40K - $60K,Blue,47,3,4,1,9203.36461174449,399,8804.36461174449,0.5041260777941668,1026,23,1.6649299124975947,0.3126699024965177
1794,50,M,0,Uneducated,Single,Unknown,Blue,27,3,2,2,1438.3,2028,3.0,0.3692719302708335,3193,67,0.0,0.3492795544715591
1795,37,F,1,Post-Graduate,Single,Less than $40K,Blue,19,4,3,0,1438.3,251,1187.3,1.780181663070949,3887,60,0.3825734986284473,0.0
1796,53,M,4,College,Married,$80K - $120K,Blue,26,4,2,0,5430.337448085528,1324,4106.337448085528,0.0,2473,35,1.7621729234429235,0.0
1797,45,F,0,Doctorate,Married,$120K +,Blue,46,1,4,2,1453.996026445403,815,638.996026445403,0.2221901645574984,10236,106,0.0,0.054490809450896155
1798,46,F,1,Graduate,Single,$80K - $120K,Blue,44,5,3,2,1438.3,1143,295.29999999999995,1.77602180409798,3122,43,0.0,0.5968087361010224
1799,39,F,5,Graduate,Unknown,$60K - $80K,Blue,20,2,5,6,1438.3,475,963.3,0.32977993285547547,3499,49,2.730177226065399,0.4156229306938761
1800,43,M,5,Uneducated,Single,Less than $40K,Blue,47,3,0,1,1438.3,0,1438.3,1.7083670860625648,6982,76,0.8498909111955075,0.0
1801,48,F,4,Uneducated,Single,$40K - $60K,Blue,43,4,4,0,3668.320040536072,453,3215.320040536072,1.4956168623511843,6100,70,0.659738028951356,0.0
1802,40,M,2,Unknown,Single,$40K - $60K,Blue,36,5,0,5,27695.011285188553,395,27300.011285188553,0.12384646370269725,5439,93,0.0,0.15526372226040594
1803,49,M,3,Graduate,Married,Less than $40K,Blue,36,4,5,3,2631.7467719944552,1324,1307.7467719944552,0.0,3461,56,0.4789812836008658,0.0
1804,59,M,2,Graduate,Single,$120K +,Blue,34,1,4,3,25041.90689387919,0,25041.90689387919,1.5123668836630864,2717,50,0.13624126913662737,0.0
1805,50,M,0,Post-Graduate,Married,$80K - $120K,Blue,31,4,0,3,1438.3,0,1438.3,0.0,3434,57,0.0,0.7913296261663315
1806,33,F,2,High School,Married,$80K - $120K,Blue,50,1,2,2,1438.3,563,875.3,0.0,3181,45,0.0,0.5118352588380044
1807,66,F,1,Unknown,Single,$40K - $60K,Blue,48,3,2,2,14456.264166821056,602,13854.264166821056,0.0,4125,80,0.0442518841319578,0.3574001550165894
1808,40,F,2,Graduate,Married,$80K - $120K,Blue,46,3,4,1,12459.231087328371,555,11904.231087328371,0.34515453434285714,7899,107,0.4603094113599605,0.5499087730327519
1809,52,F,2,College,Married,Less than $40K,Blue,40,5,1,3,1438.3,0,1438.3,0.2870741225055547,6876,80,0.9512053343543538,0.19916824380319414
1810,41,M,0,Graduate,Married,$80K - $120K,Silver,29,5,4,2,1438.3,895,543.3,0.36401173248280033,1064,18,0.3464473178067985,0.7363392650450877
1811,43,M,1,Graduate,Married,Less than $40K,Gold,31,5,1,3,1438.3,1457,3.0,0.06441296525942797,4164,48,0.0,0.0
1812,45,M,1,Uneducated,Married,Less than $40K,Silver,40,4,5,6,1438.3,1736,3.0,0.0,5370,110,0.36256937230221864,0.20299310143451615
1813,48,F,1,Graduate,Married,$60K - $80K,Blue,42,3,3,4,11775.942262492365,0,11775.942262492365,0.29835183403982085,3029,42,1.5905891780439547,0.4394125740219934
1814,37,F,2,Unknown,Married,$40K - $60K,Blue,39,4,3,5,6428.977597528003,695,5733.977597528003,0.3266716448614987,6512,85,0.5501237904767714,0.0
1815,38,M,3,High School,Single,$80K - $120K,Blue,29,3,0,3,1438.3,0,1438.3,1.6755765036379795,3460,60,0.40491855016061507,0.6166025163416088
1816,57,F,2,High School,Married,$60K - $80K,Blue,34,2,2,4,1438.3,1376,62.299999999999955,1.157625710062737,3941,74,0.0,0.07143263748862615
1817,42,M,1,Doctorate,Divorced,$60K - $80K,Silver,38,2,5,3,1438.3,1888,3.0,2.3413635563006903,2287,55,0.49289173558750243,0.08724618590139936
1818,46,M,3,High School,Single,Unknown,Blue,39,1,3,6,1438.3,693,745.3,0.7995301334417737,4510,63,0.0,0.058817422931993504
1819,40,M,0,Uneducated,Unknown,$60K - $80K,Blue,38,6,2,1,15187.737643651328,138,15049.737643651328,1.677192429116083,3644,59,0.0,0.0
1820,68,M,0,Post-Graduate,Married,Less than $40K,Blue,56,4,6,5,9434.900741203315,0,9434.900741203315,1.2335080562716765,3922,53,0.0,0.0
1821,37,F,5,Graduate,Married,Less than $40K,Blue,45,5,4,3,30123.312291988288,2057,28066.312291988288,1.1696118086789342,5777,78,0.2212836010489062,0.0
1822,37,M,2,Uneducated,Married,$60K - $80K,Blue,47,2,1,4,2813.155950904409,760,2053.155950904409,1.0048036796493913,4009,61,0.0006347057679197965,0.2720803021124635
1823,31,M,0,Post-Graduate,Married,Less than $40K,Blue,28,3,2,3,1438.3,0,1438.3,0.7425147796681564,3410,60,2.184088449193439,0.6068013565268401
1824,39,F,3,Graduate,Married,$40K - $60K,Blue,43,4,2,1,4991.05819507161,1122,3869.0581950716096,0.0,4289,56,0.0,0.706906527872997
1825,36,F,1,Graduate,Single,Less than $40K,Blue,27,6,2,0,1438.3,1703,3.0,0.47842205635981044,3704,68,3.2771488449490453,0.44810479102417206
1826,38,F,0,College,Single,$40K - $60K,Blue,40,1,3,0,26747.34361853583,2190,24557.34361853583,0.0,1489,24,1.3569814718663653,0.7871281679058807
1827,45,F,3,High School,Married,Less than $40K,Blue,41,4,0,3,17937.51917049582,860,17077.51917049582,0.5825058230066431,9057,88,0.0,0.09076399971390087
1828,46,M,0,Unknown,Single,$80K - $120K,Blue,40,3,4,5,10877.565719847622,514,10363.565719847622,1.8858211143484016,10463,123,0.970661826929373,0.2000488970234513
1829,40,F,3,Graduate,Married,Unknown,Blue,44,5,4,2,5872.498486974335,0,5872.498486974335,0.8701690861158317,6026,80,0.09199121106119179,0.0
1830,62,M,0,High School,Married,Less than $40K,Blue,53,6,3,0,2762.3309923276565,2023,739.3309923276565,0.5227417057733035,2886,40,0.0,0.5695869131000793
1831,59,F,2,Graduate,Single,$120K +,Blue,29,3,6,2,12039.740333330104,2517,9522.740333330104,0.0,3423,44,1.4516250456883495,0.32700210803043633
1832,73,F,4,Graduate,Single,$80K - $120K,Blue,32,1,3,2,8904.568773610848,0,8904.568773610848,0.5911738442591186,3350,47,1.5321118461653844,0.0
1833,51,F,1,High School,Single,$40K - $60K,Blue,34,4,0,1,15809.878028407638,78,15731.878028407638,0.11434786915956019,3832,60,0.29032648520714727,0.05992436362211832
1834,40,F,5,Post-Graduate,Married,$120K +,Blue,30,3,0,1,15098.237954260827,0,15098.237954260827,0.6030731226110538,2705,36,0.8870633801612767,0.09261777041170056
1835,51,F,0,Post-Graduate,Married,$40K - $60K,Blue,16,4,3,3,17945.246342116123,592,17353.246342116123,2.35874399927362,8171,127,1.0249047550140458,0.45300838272419863
1836,40,M,2,Unknown,Single,$40K - $60K,Blue,33,4,4,3,1438.3,1349,89.29999999999995,1.2272387007273062,4969,65,0.2516652777116727,0.8955796473498217
1837,46,M,5,Graduate,Single,Unknown,Blue,34,3,2,0,11514.377197654869,187,11327.377197654869,1.8107878236076533,7769,92,0.0,0.09119215038856211
1838,41,F,0,Unknown,Single,Less than $40K,Blue,38,4,0,4,3492.7726936207946,646,2846.7726936207946,0.2761919953320536,2171,41,2.1556222498928226,0.3539293774328982
1839,44,M,2,High School,Married,Less than $40K,Blue,44,5,4,5,5196.553466018115,201,4995.553466018115,0.0,4083,55,0.7461483413380479,0.0
1840,47,F,0,Doctorate,Divorced,$80K - $120K,Blue,43,2,2,6,1438.3,1019,419.29999999999995,1.6178465100697867,3438,74,1.3205042877902626,0.6408067200906273
1841,48,F,2,Uneducated,Single,$40K - $60K,Blue,49,5,3,0,6707.85452800249,68,6639.85452800249,2.657331437463725,2447,50,0.0,0.0955453417702174
1842,48,F,1,High School,Unknown,Less than $40K,Blue,32,5,4,3,1438.3,682,756.3,0.2827476810748472,4054,52,0.0,0.1226709551054911
1843,30,F,0,College,Single,Less than $40K,Blue,54,1,5,6,1438.3,1824,3.0,0.3195605653461695,4018,57,0.30349728920953356,0.0
1844,48,F,1,Uneducated,Single,Less than $40K,Blue,33,4,5,1,14382.102417710925,732,13650.102417710925,1.3338755376590652,1126,22,1.6336306268440128,0.0
1845,62,F,2,High School,Married,Less than $40K,Blue,36,2,0,3,1438.3,0,1438.3,0.4901378648528532,4018,51,0.6409157717111337,0.3257140315313135
1846,48,F,3,College,Married,$120K +,Blue,27,4,3,5,9078.290994372772,423,8655.290994372772,0.9556767727632635,3772,48,0.6959611514747673,0.7830528590923668
1847,57,F,5,High School,Single,Less than $40K,Blue,34,4,4,2,1438.3,1957,3.0,0.0,1494,21,0.4692790778634584,0.0
1848,44,F,3,Graduate,Divorced,Unknown,Blue,50,3,1,6,1438.3,0,1438.3,1.996072830285532,2548,51,0.7113222648735147,0.0736436523937849
1849,43,M,5,High School,Divorced,$40K - $60K,Blue,31,4,5,4,7474.411223185551,989,6485.411223185551,1.0534999382775432,858,15,1.5811380992838342,0.3539916067180883
1850,43,F,0,Graduate,Single,Less than $40K,Blue,42,4,3,2,1438.3,925,513.3,0.5509018870000444,6792,110,0.0,0.3030847136902545
1851,45,M,2,Graduate,Divorced,$80K - $120K,Blue,44,6,2,6,10218.529667757004,482,9736.529667757004,1.1760907867428951,4093,63,0.0,0.8919692071917961
1852,54,F,0,Graduate,Divorced,Less than $40K,Silver,39,4,0,1,8358.665018092803,545,7813.665018092803,0.0,1842,29,1.9128803086056472,0.23303309252486204
1853,54,F,1,College,Single,$40K - $60K,Blue,41,5,1,4,9591.510454991969,1332,8259.510454991969,1.2085641185530704,5430,115,1.3142739283566314,0.0
1854,37,F,2,Graduate,Single,$120K +,Blue,23,4,5,6,5569.841144893717,843,4726.841144893717,0.0,3505,61,0.0,0.0
1855,40,M,4,High School,Married,$120K +,Blue,35,3,4,1,21701.347671412954,534,21167.347671412954,1.3678876906363913,3847,57,0.0,0.0
1856,46,M,2,Unknown,Unknown,Less than $40K,Blue,45,1,3,2,4810.262391199292,1960,2850.2623911992923,0.8460812218742106,3013,53,0.0,0.0
1857,44,F,3,College,Married,$120K +,Blue,31,4,6,3,1438.3,760,678.3,0.0,5433,68,0.0,0.8792315430251005
1858,51,F,2,Graduate,Married,$80K - $120K,Blue,20,3,3,0,1438.3,761,677.3,0.0,5770,75,0.0,0.0
1859,50,F,1,High School,Married,$40K - $60K,Blue,33,6,0,3,6676.513404388619,1729,4947.513404388619,0.0,2613,28,1.4295357272211993,0.43842872116113063
1860,59,M,3,Graduate,Divorced,$40K - $60K,Blue,39,2,2,3,22991.128990604397,525,22466.128990604397,1.0456904075584843,783,13,0.33745457134183154,0.5624046820458564
1861,48,F,3,Doctorate,Married,$60K - $80K,Blue,44,4,2,4,7737.899767617102,0,7737.899767617102,0.02753219582670985,3607,47,0.8250372292564231,0.12035301039438998
1862,44,F,1,High School,Single,Less than $40K,Blue,40,3,6,3,6653.637800177641,0,6653.637800177641,0.6195473387535068,1026,19,0.0,0.4197611785854828
1863,59,F,2,Post-Graduate,Married,Less than $40K,Blue,47,2,4,5,23277.613187433017,1428,21849.613187433017,0.7013885792428881,4203,58,0.0,0.0
1864,60,F,1,Uneducated,Single,Unknown,Blue,46,4,3,3,8718.706154748403,1507,7211.706154748403,0.9910104546000369,4882,65,0.0,0.4777734795373228
1865,62,F,3,Graduate,Single,$80K - $120K,Blue,35,4,5,4,14906.401748895854,1373,13533.401748895854,0.0,10651,114,2.9345853799797306,0.999
1866,54,F,4,High School,Single,$80K - $120K,Blue,42,4,3,5,11251.944728306582,1013,10238.944728306582,1.6722659976224556,3666,53,0.0,0.44285049080193195
1867,41,F,3,Graduate,Single,$80K - $120K,Blue,36,4,3,1,15005.17506759338,0,15005.17506759338,0.4778151913344435,2247,33,2.17064441420681,0.6560699136992332
1868,65,F,3,Graduate,Divorced,Less than $40K,Blue,34,3,2,0,17218.895815918437,1859,15359.895815918437,0.0,5086,46,0.7948875432327344,0.0
1869,38,F,3,College,Single,Less than $40K,Blue,29,5,5,2,15589.581130978284,123,15466.581130978284,0.0,4381,45,1.580001134295751,0.11072916879154643
1870,41,F,2,Unknown,Unknown,$40K - $60K,Blue,30,6,5,6,8503.155826175449,1667,6836.155826175449,0.0,2915,38,0.0,0.8854073561121396
1871,49,M,1,Unknown,Married,Less than $40K,Blue,40,3,1,0,1438.3,509,929.3,1.0365468405335785,6688,89,1.5586516607433096,0.0057568449453789805
1872,46,F,5,Graduate,Single,Less than $40K,Blue,51,5,0,0,13841.50459476848,86,13755.50459476848,0.0,5760,84,0.868985502206602,0.31999899113440666
1873,39,F,1,Graduate,Married,Less than $40K,Gold,35,4,2,1,10528.388631174303,2517,8011.388631174303,1.468349932879788,3224,54,0.0,0.0
1874,61,M,3,Unknown,Divorced,Less than $40K,Blue,16,4,0,4,1438.3,2517,3.0,0.6126779957985805,1812,22,0.5792506209124938,0.45469075469923437
1875,54,M,2,High School,Single,Less than $40K,Blue,32,6,3,3,12226.406421821943,183,12043.406421821943,3.199036502545831,1481,18,0.0,0.0
1876,44,F,2,High School,Single,Less than $40K,Blue,43,3,0,3,1944.6525703476855,0,1944.6525703476855,0.7661877266568318,3666,56,0.2788842377865254,0.7356222510821427
1877,52,F,1,Uneducated,Single,$120K +,Blue,37,1,3,6,7359.61734802311,1515,5844.61734802311,0.6705578832267434,4157,58,0.7916291031297307,0.21785242328571475
1878,38,F,0,Graduate,Single,$80K - $120K,Blue,53,3,6,6,5950.497431482424,268,5682.497431482424,0.7863010824601713,2494,61,1.656764784644912,0.0
1879,43,M,2,Graduate,Married,Less than $40K,Blue,32,2,1,4,13423.2689606322,0,13423.2689606322,1.0239873280732963,4647,74,1.6584902944265463,0.0
1880,53,M,3,Post-Graduate,Married,$80K - $120K,Blue,28,5,5,2,7809.809248903707,36,7773.809248903707,1.504616746574027,4707,80,1.3114772728055968,0.1825359914413096
1881,41,F,0,Unknown,Single,$40K - $60K,Blue,35,4,2,2,13133.747007930113,0,13133.747007930113,0.5567569544310551,6152,74,0.0,0.4275958752834367
1882,46,M,4,High School,Married,Less than $40K,Blue,26,5,2,6,9860.11806206105,0,9860.11806206105,2.4165293360501896,4726,86,0.0,0.3522123507647654
1883,53,M,3,Graduate,Divorced,Less than $40K,Blue,28,3,4,6,3729.4216424341103,538,3191.4216424341103,0.6995008221528473,6709,97,0.0,0.2644743767078986
1884,46,F,3,Uneducated,Divorced,Less than $40K,Blue,32,5,6,3,13708.310938277016,1532,12176.310938277016,0.25077084923930837,3501,57,0.38566933027566874,0.0
1885,53,F,3,College,Married,Less than $40K,Blue,33,6,6,4,14750.019126545747,0,14750.019126545747,0.7192916001506454,5547,80,1.2353423889616144,0.01051816702967151
1886,50,M,0,Graduate,Single,Less than $40K,Blue,35,6,1,1,1438.3,706,732.3,1.0500307138316347,1012,18,0.0,0.0
1887,48,F,1,Graduate,Married,$60K - $80K,Blue,31,6,5,1,7972.300093962451,2217,5755.300093962451,2.105144850498845,3837,46,0.6321085071171555,0.6442294583008608
1888,26,M,5,Unknown,Married,$60K - $80K,Blue,44,5,2,3,7447.161741977192,2312,5135.161741977192,0.0,5866,90,1.2243182031148192,0.6044187564508849
1889,41,M,4,Graduate,Married,Less than $40K,Blue,34,4,1,3,13821.471495170565,0,13821.471495170565,0.0,747,26,1.1123614877088852,0.0
1890,43,F,4,Graduate,Married,Unknown,Blue,25,2,5,2,1438.3,0,1438.3,0.8336085670387989,4314,97,0.8091870631815317,0.5418970776445966
1891,44,F,0,High School,Married,$40K - $60K,Blue,41,3,2,3,12023.59537018565,2517,9506.59537018565,0.9575066118086489,1646,34,0.4691702674891211,0.5579026417290254
1892,33,M,3,High School,Unknown,$40K - $60K,Blue,41,5,3,3,22677.520734638543,526,22151.520734638543,0.04177634290210386,3502,63,0.0,0.23901532640571566
1893,36,M,0,Graduate,Married,$60K - $80K,Blue,38,5,4,2,16731.077234681652,2517,14214.077234681652,1.590918634591321,2942,52,0.06482179219459072,0.0
1894,43,F,0,High School,Married,$120K +,Blue,25,2,0,5,11225.617086096776,0,11225.617086096776,0.0,4645,62,0.0,0.0
1895,38,F,2,Graduate,Married,$40K - $60K,Blue,32,3,0,4,1438.3,166,1272.3,0.0,8269,87,0.0,0.21489426092016092
1896,46,M,2,Graduate,Married,$120K +,Blue,32,3,5,0,10534.218941148694,1199,9335.218941148694,0.0,2475,32,1.0728015185249384,0.2105505996869624
1897,47,F,2,Post-Graduate,Unknown,Unknown,Gold,50,2,0,3,16935.865824774213,1162,15773.865824774213,1.1431181107891821,747,10,1.263250891962524,0.31199542439242056
1898,54,F,3,Graduate,Married,Less than $40K,Blue,38,3,5,4,19642.864309927063,951,18691.864309927063,0.0,4521,63,0.0,0.0
1899,58,F,3,College,Unknown,Unknown,Blue,33,4,4,3,1438.3,1432,6.2999999999999545,0.28136411162067876,1016,18,0.0,0.21951580757993616
1900,39,F,3,Unknown,Single,$60K - $80K,Blue,36,2,6,6,5229.537879008398,0,5229.537879008398,0.0,3855,84,2.371005019820722,0.13057379215009302
1901,36,F,4,Graduate,Single,Unknown,Blue,36,3,3,4,3108.0399042927875,401,2707.0399042927875,0.31684340762261654,3099,61,3.150562806254682,0.2745743642571109
1902,35,M,1,High School,Single,$60K - $80K,Blue,39,3,1,4,13938.801331364442,0,13938.801331364442,0.6248044023937519,2809,79,2.354242861513212,0.8719500420842007
1903,41,F,5,Graduate,Single,$60K - $80K,Blue,43,3,3,6,13210.59557269379,1138,12072.59557269379,0.0,7571,87,0.3054755023691678,0.38604384928270435
1904,39,F,2,Uneducated,Single,$60K - $80K,Blue,38,6,4,4,1438.3,1027,411.29999999999995,0.0,3243,45,1.7284362409808764,0.0
1905,38,F,4,Uneducated,Divorced,$60K - $80K,Gold,35,3,3,0,19743.680094720254,537,19206.680094720254,0.14115019974760012,1816,21,2.2261127294399623,0.45491954081044456
1906,34,F,2,High School,Married,Less than $40K,Blue,54,4,0,2,14934.77029713618,2517,12417.77029713618,1.2669189929705778,4004,52,0.0,0.5651173726721441
1907,40,F,2,Graduate,Married,Less than $40K,Blue,32,1,3,3,17897.56797728289,125,17772.56797728289,0.0,969,12,1.2710625641228228,0.05928174679872261
1908,49,M,1,High School,Married,Less than $40K,Blue,50,3,2,0,1438.3,1918,3.0,0.0,1677,23,0.04072842588254433,0.0
1909,43,F,1,College,Divorced,$40K - $60K,Blue,39,6,4,5,1634.8452627492352,918,716.8452627492352,1.2590764336942333,3736,52,0.0,0.026199691136404024
1910,42,M,0,Uneducated,Married,Less than $40K,Blue,27,2,1,2,15406.593207545047,275,15131.593207545047,1.8015510815773315,1855,31,0.0,0.4054314403829537
1911,34,M,4,Uneducated,Single,Less than $40K,Blue,31,4,5,1,15096.92597745104,1926,13170.92597745104,0.0,1351,15,0.47299630059330244,0.0
1912,57,F,1,College,Single,$40K - $60K,Blue,55,4,2,2,20024.270174849855,1686,18338.270174849855,0.21305675215196473,2873,49,0.6573216909492973,0.0
1913,35,F,3,Graduate,Married,Less than $40K,Blue,43,4,4,1,15451.902206784143,0,15451.902206784143,2.077169715600458,3888,70,0.0,0.6816158617767036
1914,54,M,2,College,Married,Unknown,Blue,23,4,5,1,1438.3,0,1438.3,0.22497977170110084,4394,69,0.0,0.0
1915,61,F,0,High School,Married,$60K - $80K,Blue,31,2,4,0,2703.151284329957,2170,533.151284329957,0.6190782936115424,2826,48,1.4667783111472796,0.14984906944478976
1916,48,F,2,Post-Graduate,Married,Less than $40K,Blue,27,3,2,3,27505.09610274236,638,26867.09610274236,2.0469178624170272,4438,66,0.0,0.3011204918523408
1917,51,F,0,Uneducated,Divorced,Less than $40K,Blue,40,4,5,2,1438.3,2127,3.0,0.0,5776,68,1.9954003971774865,0.7571405850403269
1918,47,M,5,Unknown,Married,Less than $40K,Blue,19,4,2,0,8613.289151225568,2211,6402.289151225568,0.0,2986,51,0.8467642966694755,0.0
1919,51,M,5,High School,Married,Less than $40K,Blue,50,5,1,3,18074.166358453265,184,17890.166358453265,1.9829954722601113,6160,85,0.0,0.6464614507951434
1920,35,M,4,Unknown,Married,$120K +,Blue,36,3,3,2,7541.648294485838,1692,5849.648294485838,2.498300644378782,915,10,0.2585326693604922,0.03160996813701085
1921,50,F,4,High School,Single,Less than $40K,Blue,33,4,0,6,10196.146671727924,777,9419.146671727924,0.0,6343,101,0.0,0.3591405850014644
1922,58,F,2,College,Married,$40K - $60K,Blue,35,4,2,6,1438.3,1331,107.29999999999995,0.64993442319358,10512,130,0.6616098098619314,0.5281880816233006
1923,32,M,2,Unknown,Single,Less than $40K,Blue,45,3,4,6,1438.3,1675,3.0,1.0533370457593825,3860,53,1.9793429423541018,0.0
1924,59,F,3,High School,Married,Unknown,Silver,28,3,4,3,16740.77517830667,646,16094.77517830667,0.07309491057228046,6231,81,0.0,0.0
1925,41,M,3,College,Married,$120K +,Blue,35,5,3,1,13767.64691574981,1171,12596.64691574981,0.7669410144843181,3284,50,0.0,0.999
1926,54,F,5,Unknown,Unknown,Unknown,Silver,29,4,3,1,8568.877844643235,777,7791.877844643235,0.017117453131323512,8116,97,0.9481576829063694,0.0
1927,53,F,5,High School,Married,$60K - $80K,Blue,45,4,6,6,12001.287140008752,2304,9697.287140008752,0.2993372433723524,3120,42,1.3533186177568917,0.519666950560047
1928,49,M,1,Unknown,Married,Less than $40K,Blue,49,3,3,3,13183.245910919959,1312,11871.245910919959,0.10271449475061734,2328,57,0.9514991388497804,0.1933450826473638
1929,50,F,3,Unknown,Married,$120K +,Blue,40,5,0,2,22685.144377236033,451,22234.144377236033,0.0,9337,121,2.3376750299495237,0.0
1930,44,M,2,Post-Graduate,Unknown,$120K +,Blue,36,3,5,1,9299.707251879412,922,8377.707251879412,0.0,3158,45,2.2936255769820195,0.22529874043984927
1931,38,F,4,Unknown,Single,$40K - $60K,Blue,13,4,1,1,23364.81066683583,975,22389.81066683583,0.0,2920,46,0.39426198737428375,0.4428562579727094
1932,63,M,1,Uneducated,Married,Unknown,Blue,13,3,3,6,8569.158815225659,0,8569.158815225659,0.0,2945,44,0.0,0.0
1933,35,F,1,Uneducated,Married,$40K - $60K,Blue,36,3,2,0,18923.260622740025,0,18923.260622740025,0.9327762137045165,1123,31,0.15463523297300108,0.37550758332779144
1934,28,F,3,Unknown,Married,$80K - $120K,Blue,39,5,2,2,12590.055734017255,2517,10073.055734017255,0.9329303666792054,5338,73,0.0,0.18894872501133755
1935,49,F,5,Uneducated,Single,$40K - $60K,Blue,27,2,2,0,1650.1374866646493,0,1650.1374866646493,2.0370987536449956,1693,27,0.0,0.0
1936,53,M,1,High School,Married,$40K - $60K,Blue,37,6,2,5,6226.989253878674,0,6226.989253878674,0.42846155671177916,2539,33,2.3450616059632097,0.0
1937,41,F,3,Graduate,Unknown,Less than $40K,Blue,50,1,1,2,1438.3,540,898.3,3.397,1998,27,0.6801341286856062,0.0
1938,51,F,3,Graduate,Single,$40K - $60K,Blue,35,4,2,4,6474.651726051148,766,5708.651726051148,2.29374306178814,4889,62,0.21248299710710666,0.11354096472721195
1939,49,F,4,Unknown,Single,Less than $40K,Blue,36,4,1,5,6700.4404568144955,596,6104.4404568144955,2.10656597399397,2841,42,0.0,0.2874565296019954
1940,48,M,1,Graduate,Single,$60K - $80K,Silver,43,3,2,0,4926.855457764088,679,4247.855457764088,1.920684058069741,686,10,0.7339499505507154,0.021280321866182915
1941,47,M,3,Graduate,Divorced,$80K - $120K,Blue,43,4,2,5,1438.3,0,1438.3,1.0733548621120768,2757,33,2.3345241853585184,0.0037691283833911904
1942,53,M,2,Graduate,Single,Unknown,Blue,49,2,1,3,10270.62540334678,2517,7753.625403346779,2.0196363237514063,4717,68,0.0,0.09612293209586323
1943,46,F,0,Graduate,Married,Unknown,Blue,35,4,3,3,1438.3,727,711.3,0.0,5854,69,0.9261057896190631,0.748774725291129
1944,47,F,5,Unknown,Single,Less than $40K,Blue,41,3,1,5,14048.686301655027,2103,11945.686301655027,1.2773172002876878,3907,85,0.0,0.2240365948047045
1945,59,M,5,Unknown,Single,$40K - $60K,Blue,30,2,1,2,30143.95762695453,482,29661.95762695453,1.0147856157567399,3223,55,0.9263222231498608,0.0
1946,42,F,1,Uneducated,Married,Less than $40K,Blue,51,5,6,5,8541.892425793103,1131,7410.892425793103,2.5214600140157986,5438,67,0.15739825149503933,0.22562275332003773
1947,38,M,3,Uneducated,Married,$120K +,Blue,29,4,3,2,1438.3,1444,3.0,0.8000179649828524,8885,82,1.475336556094891,0.6651919459842981
1948,42,M,2,High School,Single,$40K - $60K,Blue,32,3,4,3,1438.3,411,1027.3,1.0453845531581691,5478,74,1.174840556333446,0.01773637807638903
1949,40,M,2,Uneducated,Married,$60K - $80K,Blue,34,5,2,2,1438.3,1979,3.0,0.0,2977,47,0.7696852251619755,0.466155811588406
1950,48,M,2,High School,Single,Less than $40K,Blue,44,4,0,5,12212.726987454971,542,11670.726987454971,0.0,5915,90,0.20906949292331717,0.06401893681571695
1951,71,F,2,Uneducated,Single,Less than $40K,Blue,28,1,0,3,15793.68160649989,2032,13761.68160649989,1.0887117832735227,3912,62,0.0,0.020066500557075068
1952,47,F,5,High School,Married,$40K - $60K,Blue,38,3,0,4,4571.192810382307,1177,3394.1928103823066,0.4879722400823975,1837,40,0.0,0.26451551927305517
1953,44,M,3,Doctorate,Single,Less than $40K,Silver,52,4,4,4,16448.160295228226,178,16270.160295228226,0.7881317117364767,611,10,0.5154644242716359,0.4033521107755548
1954,52,M,4,Unknown,Married,$40K - $60K,Blue,31,3,2,3,3632.8010161574566,1182,2450.8010161574566,2.793327622608754,3652,45,0.0,0.0
1955,31,M,3,High School,Single,Less than $40K,Blue,44,4,5,0,15583.879451036031,672,14911.879451036031,0.365277167722133,1336,26,0.0,0.5131402467599983
1956,54,F,2,High School,Single,$60K - $80K,Blue,26,4,6,6,13014.687548231754,0,13014.687548231754,0.0,3446,64,2.061616750159338,0.0
1957,41,M,3,Graduate,Married,$40K - $60K,Silver,38,4,4,3,7282.823441081489,1209,6073.823441081489,1.9367698357235696,2448,47,0.17767168098209957,0.42183627122042494
1958,48,M,4,Post-Graduate,Married,$60K - $80K,Silver,41,5,5,4,10872.799884771368,0,10872.799884771368,1.6674876269692718,5388,76,0.07265614915379781,0.4823924751939512
1959,36,M,1,Graduate,Single,Unknown,Blue,30,4,3,4,22135.598811243024,426,21709.598811243024,0.08281167075587026,3934,53,1.1171824230414695,0.14806841833146525
1960,49,M,1,Uneducated,Divorced,Less than $40K,Blue,44,2,1,1,20677.045903804414,1768,18909.045903804414,0.9232327611597881,7155,115,0.13275028049072318,0.0
1961,53,M,0,Doctorate,Married,Unknown,Blue,13,3,4,1,17146.24664289906,825,16321.24664289906,0.7176228350598688,3632,39,0.28265716086613973,0.0
1962,63,F,2,Graduate,Single,$80K - $120K,Blue,26,3,0,0,1438.3,0,1438.3,1.395542890696489,2509,53,0.0,0.4209532705382804
1963,38,F,2,Uneducated,Single,$80K - $120K,Blue,21,1,4,0,1438.3,2080,3.0,1.3828651850705302,614,10,1.8527042485075582,0.03531789034171958
1964,50,M,2,High School,Married,Less than $40K,Blue,49,3,4,5,34516.0,482,34034.0,0.6600005914916598,7599,84,0.0,0.0029320566397011416
1965,40,M,2,Uneducated,Single,Less than $40K,Blue,14,1,3,1,15636.197691302803,0,15636.197691302803,0.6166404200269683,1448,32,0.0,0.4333194688680334
1966,42,M,5,High School,Single,$40K - $60K,Blue,26,2,0,2,1501.8315871965024,718,783.8315871965024,0.5107216874356597,2851,35,0.2620053368318739,0.24765093590375853
1967,28,F,3,High School,Married,Less than $40K,Blue,44,4,6,4,13668.89474251062,0,13668.89474251062,0.0,1323,18,0.0,0.27605119426485614
1968,37,F,5,Unknown,Single,$60K - $80K,Blue,29,6,0,1,1438.3,313,1125.3,1.711740534647944,3387,39,0.44803521116231915,0.5267690939539864
1969,42,M,1,Graduate,Married,Unknown,Blue,35,6,5,4,10878.48455069599,1156,9722.48455069599,0.0,4929,65,0.6005863016561676,0.09518421287074688
1970,51,M,3,College,Married,$40K - $60K,Blue,30,2,0,2,20548.540906393995,2517,18031.540906393995,2.0338005289968573,3425,53,0.1446917433936145,0.5769742682460348
1971,37,M,2,Post-Graduate,Married,$80K - $120K,Blue,17,3,4,1,1438.3,0,1438.3,1.6161202990674974,1813,32,0.0,0.010281972391219224
1972,55,F,0,Uneducated,Unknown,$60K - $80K,Blue,39,2,4,0,14081.055794575606,133,13948.055794575606,1.0191242758424437,4014,48,1.4129386996800342,0.8263596726602352
1973,40,F,0,Uneducated,Married,$40K - $60K,Blue,39,5,4,4,8190.049757759504,625,7565.049757759504,0.47297795809374593,692,19,2.627836174784112,0.15557865687395642
1974,44,M,0,Unknown,Divorced,Less than $40K,Blue,40,3,2,6,8079.172142902368,0,8079.172142902368,0.6948056570652896,3582,45,1.7721479478134015,0.442343396558349
1975,45,M,0,Doctorate,Unknown,Unknown,Silver,27,4,3,2,11188.967539813053,0,11188.967539813053,0.12678014742183602,4671,74,1.1058954483437589,0.1874069183015284
1976,43,M,4,High School,Single,Less than $40K,Blue,44,4,4,3,17285.956879670946,0,17285.956879670946,0.0,1587,26,0.7254037147800718,0.0
1977,40,M,0,Graduate,Single,Less than $40K,Blue,37,6,3,2,16835.173890108177,58,16777.173890108177,0.0,1722,28,1.5433865552766242,0.7778415011319673
1978,46,M,4,Post-Graduate,Single,$80K - $120K,Blue,24,3,2,3,1438.3,687,751.3,0.841339790059635,5882,93,1.9725471619729364,0.036315847695006065
1979,32,F,2,Uneducated,Single,$40K - $60K,Blue,43,5,4,6,1438.3,2517,3.0,1.736492008195996,3731,87,0.0,0.27730350978353224
1980,54,M,5,Graduate,Married,Less than $40K,Blue,37,3,5,1,8134.929336337782,1561,6573.929336337782,1.475928145068277,2417,34,0.006791236368525078,0.003852728033485825
1981,56,M,2,Graduate,Divorced,Less than $40K,Blue,46,3,2,4,11985.54644090075,1636,10349.54644090075,0.0,2354,34,2.1243258349700294,0.3139165574142228
1982,42,F,2,Uneducated,Single,Less than $40K,Blue,30,1,2,4,26545.004229090777,0,26545.004229090777,1.9441416237071119,6944,89,1.7188979594787988,0.17209449671596683
1983,43,F,4,Graduate,Married,$80K - $120K,Blue,47,3,2,4,6478.916826624374,419,6059.916826624374,0.0,4788,68,0.0,0.3984485506735982
1984,53,F,3,College,Single,Less than $40K,Blue,33,1,6,4,3872.543317384617,0,3872.543317384617,1.4853739261494492,3108,46,0.0,0.13940848055343075
1985,42,F,0,Graduate,Divorced,Less than $40K,Blue,27,3,2,3,1438.3,0,1438.3,2.6048755896101223,6413,66,0.0,0.6567080946913865
1986,56,F,3,Graduate,Single,$120K +,Silver,52,1,5,3,9892.438738597353,753,9139.438738597353,0.9138590123890906,3312,42,0.43640845274763557,0.049239926188321084
1987,38,F,0,College,Married,Less than $40K,Blue,39,2,0,3,14133.282061656555,662,13471.282061656555,0.0,4562,100,2.002600072779926,0.39467104090922306
1988,58,M,1,Uneducated,Married,$60K - $80K,Blue,37,4,4,3,26646.79522806406,1312,25334.79522806406,0.02248204513702934,1973,30,1.7076392786331067,0.0
1989,35,F,5,Unknown,Single,$80K - $120K,Blue,36,3,0,5,1438.3,1032,406.29999999999995,0.9542029427559005,510,10,0.46950609766748264,0.500902237756994
1990,51,F,1,Uneducated,Married,Unknown,Blue,42,3,6,1,1438.3,929,509.29999999999995,0.637234141211748,2960,55,0.0,0.32957140187304734
1991,45,M,2,Graduate,Single,Less than $40K,Blue,45,3,1,1,15036.484656839002,733,14303.484656839002,1.5986849640640575,4568,83,0.21145153291941277,0.0
1992,51,M,5,Uneducated,Married,Less than $40K,Blue,26,5,0,0,1561.7437207466255,1210,351.7437207466255,0.12873121879862914,2811,44,1.613702145966072,0.0
1993,50,F,4,Uneducated,Married,$40K - $60K,Blue,54,1,2,4,1438.3,1175,263.29999999999995,0.4610207819616481,3645,50,2.848446338499801,0.16731421093450863
1994,45,F,4,Graduate,Single,Unknown,Blue,42,2,5,1,10848.506409920072,1333,9515.506409920072,0.6231287909991178,4530,55,0.25667619048693113,0.904555144282297
1995,46,F,1,Post-Graduate,Single,$40K - $60K,Blue,24,4,2,3,1438.3,2517,3.0,0.0,3463,70,0.0,0.1734519157833903
1996,59,M,3,High School,Married,Less than $40K,Blue,34,4,4,1,1438.3,436,1002.3,0.834130872497431,3004,40,1.0418414004411032,0.6462371978587562
1997,47,M,0,Unknown,Married,$60K - $80K,Blue,34,5,1,4,1438.3,1536,3.0,0.5560388537805455,710,10,0.9176441500841588,0.47726487574750226
1998,44,F,3,Graduate,Married,$60K - $80K,Blue,30,2,2,4,3434.4510873780364,1097,2337.4510873780364,1.079312852489873,2652,48,1.317284047635579,0.0
1999,32,F,2,Uneducated,Married,Unknown,Blue,49,4,1,0,6635.665163009249,0,6635.665163009249,0.0,2048,35,0.8838603125156536,0.15489759712749324
2000,45,F,0,College,Married,$40K - $60K,Silver,37,2,2,2,4878.908204752905,1068,3810.9082047529046,0.0,1370,17,1.1283021612746449,0.7415800829246741
